attendance,previousScore,internalMarks,assignmentCompletion,studyHours,participation,finalScore
79.6,52.3,65.0,80.7,18.6,60.3,68.6
75.1,91.0,80.2,56.3,4.6,82.8,65.8
75.8,83.1,70.9,46.8,6.9,81.5,66.3
60.1,79.3,63.2,51.5,6.3,69.3,63.0
96.0,65.3,73.5,70.4,9.6,77.0,79.2
57.1,85.7,62.4,42.0,9.4,51.9,58.4
86.1,77.1,73.2,74.8,6.3,64.1,66.8
66.4,73.7,50.7,48.0,6.1,60.3,57.2
72.6,66.4,55.5,49.9,5.2,79.7,57.9
87.9,72.5,64.5,54.7,2.5,67.8,65.6
92.6,72.0,72.0,61.2,4.6,68.5,70.9
54.8,60.4,45.8,48.2,12.1,57.3,52.2
77.3,57.2,61.3,68.4,15.8,57.0,64.8
77.2,54.0,56.1,52.3,15.0,77.6,65.2
52.1,54.9,52.4,55.7,12.3,56.6,51.1
81.6,65.4,64.7,53.7,5.2,76.6,58.1
56.4,63.1,50.3,49.0,4.8,67.3,52.8
69.6,59.3,52.7,48.9,3.6,86.1,50.4
70.3,58.3,53.2,51.3,6.3,50.9,50.0
72.0,72.1,63.6,63.9,8.5,86.4,62.0
61.9,87.3,63.9,46.6,5.2,50.8,56.3
85.1,67.8,76.8,78.7,9.9,83.8,76.5
49.9,66.9,49.5,48.0,10.9,65.5,52.8
78.8,54.9,67.7,63.1,6.6,62.6,63.7
66.0,64.9,50.6,46.6,4.5,77.8,56.1
74.0,84.7,77.8,68.1,15.2,70.7,72.8
76.5,82.5,68.2,61.4,8.3,51.4,70.2
60.0,81.6,62.2,54.1,19.6,49.1,62.2
72.1,81.1,75.0,64.5,8.5,70.1,68.4
72.5,74.1,66.1,60.8,8.8,78.0,62.7
65.4,73.6,61.4,54.0,5.3,69.5,64.7
65.8,71.4,60.1,56.8,6.7,68.7,59.5
76.9,62.2,57.8,57.5,4.0,65.5,60.6
49.9,69.2,55.3,61.5,4.5,67.7,52.9
39.7,71.0,36.3,38.4,11.4,52.1,49.0
67.1,76.9,56.5,60.6,7.2,42.9,62.3
72.8,69.4,66.8,68.6,6.8,83.5,59.5
95.1,97.5,89.9,77.7,5.9,63.2,82.0
73.2,51.1,62.5,61.3,6.9,68.3,58.4
53.9,78.6,57.2,52.5,13.6,63.0,58.4
39.2,67.4,51.8,50.3,8.7,40.4,54.2
71.2,68.0,51.0,55.3,4.8,61.9,52.3
92.6,56.6,63.7,58.2,13.0,75.1,63.7
50.9,82.3,68.4,60.7,17.7,58.2,61.8
64.5,77.1,62.8,50.6,10.2,79.8,66.0
73.9,79.7,64.6,45.0,12.2,67.2,60.7
62.8,70.4,59.9,47.5,14.1,51.6,52.4
85.5,63.5,70.7,64.8,3.9,77.4,67.1
80.9,67.1,70.7,79.9,18.9,60.0,70.8
49.6,74.1,59.0,54.0,13.4,46.1,60.8
75.8,39.9,62.1,70.0,10.2,66.4,60.9
82.7,80.2,70.9,65.3,7.7,73.7,69.8
67.7,98.0,62.9,48.0,4.5,54.7,59.2
52.0,74.7,61.0,37.9,7.0,46.2,49.8
88.7,64.1,74.1,73.9,10.0,78.6,64.3
53.4,65.7,41.3,38.8,5.0,76.7,48.0
60.3,77.9,59.8,45.8,7.9,75.0,56.9
78.5,64.4,61.5,55.6,4.8,83.9,60.7
89.1,80.2,80.3,68.1,6.9,62.4,73.8
90.8,65.6,69.6,75.4,4.4,87.1,75.8
61.6,92.0,66.3,46.3,4.2,50.1,64.0
89.1,91.6,81.2,72.6,9.5,86.4,79.2
68.4,63.4,56.2,54.5,6.3,84.8,52.5
70.8,66.9,65.6,50.6,6.6,71.1,60.5
64.5,67.7,54.4,50.0,6.1,76.4,59.6
87.9,67.9,75.5,86.0,27.8,84.3,80.5
38.0,54.7,46.0,50.4,10.7,39.1,41.6
59.9,52.8,48.1,61.1,11.3,49.0,50.8
89.2,85.5,80.5,50.8,5.8,88.2,73.3
78.5,83.3,69.8,51.8,10.2,76.7,67.0
94.9,83.0,80.3,65.3,7.4,95.5,74.5
85.8,67.0,63.1,66.9,5.7,72.5,57.6
64.8,94.5,79.9,73.1,19.5,42.2,72.1
85.8,67.7,71.3,61.5,10.6,85.6,69.7
86.9,80.1,80.0,75.5,10.3,65.8,78.0
52.9,48.6,53.2,40.3,5.3,81.5,48.4
65.1,64.8,55.5,56.9,4.6,51.4,59.1
58.8,65.8,53.9,44.0,8.0,60.7,53.3
90.8,67.1,65.9,70.2,6.3,80.0,64.9
95.6,49.4,66.6,79.3,10.8,82.1,66.2
95.4,77.9,80.8,76.6,11.1,72.3,78.9
55.0,82.4,64.5,51.1,8.4,48.3,58.9
79.8,57.6,68.4,55.3,11.9,84.5,61.7
94.5,51.9,69.9,81.8,8.9,63.4,62.3
63.0,57.2,54.4,55.8,5.5,66.2,50.8
84.3,74.9,66.3,70.2,7.5,89.2,68.1
53.7,59.6,55.8,48.7,8.7,45.4,49.6
76.7,66.1,62.7,54.4,12.4,67.4,59.4
74.8,53.0,61.0,55.4,9.0,56.4,62.8
71.7,95.7,70.4,54.7,6.3,49.3,69.8
80.7,69.0,71.8,57.2,12.6,75.3,75.2
69.4,84.1,69.6,55.1,9.7,47.9,59.7
82.7,74.9,76.6,66.3,16.4,85.7,74.8
78.2,67.4,68.9,73.1,8.5,62.2,64.8
33.8,66.7,41.8,39.1,5.1,44.7,43.1
72.4,57.8,57.1,52.3,13.9,66.9,65.1
86.0,61.7,60.6,71.4,6.3,53.7,56.9
82.7,53.9,63.2,68.2,9.3,74.9,60.9
84.4,52.4,54.4,62.6,8.9,92.1,58.0
82.7,97.2,79.9,64.1,8.3,57.6,73.2
65.2,71.9,44.7,54.1,7.6,76.6,48.8
83.6,88.5,76.2,55.8,3.9,71.8,75.2
70.0,56.9,51.0,54.6,5.2,55.5,58.1
82.2,50.5,56.9,65.0,13.5,72.5,63.0
77.8,54.3,65.1,56.9,9.9,78.3,56.5
86.9,62.1,71.9,73.4,19.3,57.5,71.6
66.4,68.5,62.9,52.1,5.1,70.1,62.0
75.4,65.9,57.1,53.0,8.1,72.7,61.2
66.3,57.2,61.1,52.5,13.8,49.4,57.1
92.8,69.2,69.0,62.7,6.3,82.8,73.6
93.1,70.5,72.0,68.7,6.6,89.6,68.7
56.9,77.8,67.7,55.0,7.2,64.2,60.5
50.0,88.6,56.6,48.8,6.7,55.6,59.9
55.6,62.9,59.0,52.6,10.4,79.0,57.8
30.7,85.0,49.5,18.3,3.7,23.3,45.8
87.2,68.9,69.5,62.5,17.1,83.9,72.8
31.2,46.6,33.2,44.1,5.3,54.1,38.9
53.6,93.0,59.3,31.3,3.1,75.0,56.4
73.0,98.0,69.5,50.1,8.1,71.6,67.0
59.1,76.7,64.8,46.6,6.9,60.8,59.5
67.1,69.3,59.9,49.1,7.5,64.6,63.7
34.6,64.2,44.3,44.7,9.4,49.1,45.6
83.0,61.5,59.6,69.2,10.9,56.8,65.4
67.6,84.9,70.4,69.0,17.4,60.6,71.0
60.0,67.8,61.6,47.1,6.0,59.9,63.2
96.4,91.4,82.1,66.0,11.6,80.0,79.4
59.7,68.5,56.5,46.2,11.2,48.3,57.7
95.4,62.2,73.9,60.5,2.5,68.9,64.0
53.9,59.6,47.4,39.4,5.6,50.3,43.5
48.7,57.6,42.6,37.4,4.6,67.8,45.1
88.4,75.2,74.8,69.4,10.0,60.8,75.6
58.4,49.9,52.0,51.2,9.5,60.8,53.1
81.2,56.5,59.2,62.5,9.6,56.6,53.0
87.1,86.5,73.6,73.1,7.1,77.6,76.8
85.8,54.6,71.5,77.8,7.4,63.1,60.6
62.8,80.1,58.8,39.2,8.1,58.8,61.0
76.0,39.1,45.8,60.8,6.8,78.3,53.9
77.8,88.3,76.1,68.1,11.6,72.1,73.1
33.7,50.2,40.8,26.5,5.0,34.8,39.0
74.1,55.7,56.3,55.7,5.7,75.4,56.0
86.1,77.5,75.0,68.2,8.6,95.9,73.6
88.4,71.8,66.5,71.0,6.9,66.0,63.1
84.5,80.5,71.9,51.3,5.0,53.4,65.6
75.2,50.1,53.0,60.5,10.4,61.4,59.4
86.1,64.0,67.0,63.1,6.3,48.7,59.0
65.9,59.4,56.2,39.0,5.6,81.7,56.7
94.1,52.5,67.6,80.4,7.5,86.7,60.9
86.2,76.3,63.5,56.6,5.5,70.7,61.5
68.1,81.2,60.7,55.6,8.0,70.4,62.0
69.2,63.3,65.1,50.8,6.9,66.6,59.6
74.3,89.3,68.9,63.6,6.5,51.9,65.9
78.3,57.0,64.4,65.4,6.5,91.8,60.7
87.2,89.0,80.7,75.9,12.8,86.6,83.2
94.9,75.9,70.8,70.6,9.6,70.5,76.7
64.4,50.9,50.7,62.5,3.8,67.8,50.9
66.7,95.7,79.2,51.1,12.2,56.1,69.2
58.9,61.8,70.3,48.4,10.3,56.9,57.0
59.0,84.9,62.4,48.3,10.0,62.8,69.3
77.1,70.0,65.9,67.4,12.2,67.9,66.6
65.9,73.2,55.0,56.4,8.2,70.0,65.0
66.1,80.6,57.4,50.4,10.8,53.9,63.3
67.0,79.8,61.2,56.9,6.6,68.2,61.9
63.2,63.2,57.9,63.1,12.0,47.6,55.9
55.5,75.4,61.1,60.6,9.0,51.2,61.9
95.8,74.4,75.3,63.3,4.4,84.7,69.0
62.4,71.0,63.1,58.8,13.0,64.3,60.5
75.7,65.2,65.4,57.4,7.7,80.2,65.2
77.2,71.0,63.1,62.6,7.2,79.2,63.6
74.3,95.5,73.8,59.5,6.7,83.7,70.6
91.0,63.9,67.3,72.0,6.9,95.4,67.9
63.5,84.9,59.9,51.9,9.1,70.6,60.1
52.2,59.3,41.9,50.3,5.2,76.9,50.3
73.1,55.7,52.6,52.0,4.0,84.2,55.3
50.1,98.0,53.1,43.8,5.1,60.9,53.4
56.6,75.6,55.1,52.8,9.7,38.1,54.4
97.4,75.9,77.9,69.7,7.6,71.5,72.9
80.9,76.3,70.2,56.2,13.5,81.5,68.0
59.2,87.7,66.1,55.8,7.9,58.2,65.5
88.4,73.7,77.4,65.2,11.9,79.2,70.4
55.1,79.4,56.6,50.4,6.0,53.6,66.0
84.1,53.2,64.4,65.5,6.7,86.8,67.7
71.7,81.8,66.2,68.1,8.2,70.4,72.1
83.5,64.7,66.4,61.6,7.6,91.1,62.2
85.0,77.4,72.4,67.1,7.3,69.3,62.9
79.6,44.0,57.6,69.0,5.5,80.2,56.6
63.9,76.8,58.9,49.0,4.0,57.1,58.8
57.0,36.6,44.3,42.3,10.8,56.4,43.8
73.4,64.1,63.6,57.7,10.3,63.9,59.7
34.8,44.1,30.4,35.9,6.2,32.3,28.1
71.2,76.9,71.7,66.5,9.7,51.6,64.2
72.9,69.0,56.8,55.3,7.6,73.9,59.4
72.5,57.2,59.5,77.3,13.4,54.0,60.3
69.4,88.1,69.1,54.1,4.5,68.9,64.0
77.3,55.4,61.5,57.5,7.7,85.7,57.5
49.9,25.6,39.6,57.9,7.4,62.3,46.6
74.2,75.2,66.3,51.5,8.8,72.8,66.6
70.9,43.3,50.7,65.9,16.3,58.4,58.9
80.8,55.9,57.8,58.3,7.7,72.9,60.5
75.8,60.8,50.7,49.9,11.4,77.8,53.2
74.9,48.1,52.0,62.4,7.6,76.2,58.4
65.5,61.1,53.5,60.8,13.2,76.1,63.4
69.4,48.3,57.9,74.1,11.5,70.0,64.0
95.4,70.3,81.3,61.2,7.0,84.5,74.9
97.4,50.8,69.3,73.4,6.8,85.8,67.4
89.9,68.4,62.0,76.0,10.2,65.1,68.2
75.4,84.3,61.0,49.9,6.1,56.9,64.9
70.5,79.0,61.3,61.1,8.9,60.9,57.9
49.5,66.9,45.1,48.3,7.0,39.2,50.9
80.1,54.2,60.1,66.4,9.6,52.8,58.4
62.2,70.2,62.3,62.9,7.6,82.7,69.2
45.8,58.3,42.5,48.8,6.0,42.9,44.2
74.1,70.8,63.6,53.7,13.4,86.5,65.6
96.7,44.0,64.7,74.2,9.1,87.0,65.9
49.8,79.3,58.9,35.4,8.0,48.0,51.7
76.7,68.5,64.9,56.7,9.9,67.8,65.1
76.3,98.0,76.3,59.1,3.8,62.7,72.6
75.4,86.3,76.9,73.6,20.9,83.9,80.9
83.2,75.9,63.7,54.3,8.3,87.2,69.0
57.6,66.3,49.3,41.2,3.4,42.3,50.0
67.1,57.8,52.6,58.8,14.0,76.8,55.1
77.7,81.2,75.5,57.5,5.8,68.9,65.6
57.7,64.8,51.4,57.7,13.1,45.2,60.9
56.4,84.4,66.4,46.3,8.6,64.6,61.6
73.6,73.6,57.0,55.3,4.0,83.9,68.3
67.1,73.7,66.6,56.0,9.2,58.2,59.5
71.5,76.3,70.0,57.0,8.9,70.8,73.2
89.1,55.1,73.5,80.5,13.7,58.2,66.0
81.9,53.7,56.4,62.1,10.3,74.4,58.7
66.3,53.2,55.0,59.7,4.7,43.7,54.3
75.7,82.7,70.8,72.8,12.8,81.0,75.7
51.0,54.8,46.7,58.9,6.8,58.2,51.7
40.9,56.5,49.8,51.5,17.7,35.6,42.6
71.5,75.5,67.5,52.2,7.0,66.2,61.1
79.5,64.5,59.7,54.5,7.4,48.9,55.6
87.2,62.7,70.3,80.8,5.6,92.6,64.7
87.9,61.5,61.1,62.9,6.5,61.4,62.6
87.9,35.4,50.0,63.5,5.8,83.8,47.6
85.8,54.5,64.3,74.0,13.9,94.9,70.9
66.3,84.5,63.4,48.6,4.5,68.2,64.5
61.2,60.4,60.7,61.0,11.7,45.3,63.0
65.6,41.4,44.6,54.9,11.9,49.8,45.3
67.8,53.9,67.3,59.5,15.2,68.2,57.6
76.2,73.0,58.2,60.8,8.3,77.6,67.1
47.9,72.8,54.9,45.8,5.1,55.7,56.3
89.1,63.9,64.2,56.3,7.6,87.1,69.9
57.6,58.4,49.8,47.0,10.7,54.0,55.4
62.9,48.4,45.9,31.7,8.5,82.2,48.6
74.0,73.2,68.7,58.8,9.6,49.3,62.6
71.3,79.7,72.8,59.9,15.1,59.2,71.2
83.7,86.0,75.6,71.9,10.6,80.0,73.4
46.8,52.5,46.6,39.5,8.9,35.6,44.7
64.8,87.1,62.0,64.3,3.6,76.4,63.1
92.1,67.2,67.4,61.5,5.7,91.3,68.8
54.0,68.4,55.8,43.9,6.8,57.0,57.4
63.1,80.5,53.3,58.1,3.4,46.3,56.3
73.5,60.4,60.0,61.1,5.0,55.3,56.4
75.9,37.7,49.6,53.7,7.2,59.6,50.2
69.8,77.9,71.1,56.9,7.8,56.9,60.5
82.0,72.9,71.4,71.6,10.3,86.9,73.1
74.7,63.0,65.4,69.0,7.4,69.1,63.6
49.6,76.7,55.6,44.9,9.1,42.6,53.9
52.9,79.6,61.9,48.0,6.8,74.4,59.8
76.1,46.8,60.8,73.3,8.3,79.9,54.9
66.1,68.3,55.9,60.7,10.0,62.4,64.2
84.4,36.1,57.4,61.5,15.8,69.1,56.4
61.8,66.3,60.8,43.9,6.5,44.9,53.3
84.9,62.8,69.3,60.7,8.7,86.6,69.4
76.7,74.9,70.2,70.5,12.1,76.7,71.8
92.7,53.0,65.1,67.8,4.3,82.7,71.1
72.0,62.1,69.4,69.4,20.1,70.9,64.0
82.8,23.0,46.6,71.2,13.9,78.6,50.3
65.8,75.8,62.8,48.2,3.8,53.9,54.3
36.2,66.8,40.4,46.5,9.7,55.1,46.8
70.1,69.2,63.9,48.8,6.3,75.6,59.4
60.5,47.1,46.9,49.8,6.8,43.6,44.8
64.9,73.6,63.7,64.1,9.6,82.9,63.7
39.0,91.1,60.9,59.7,13.1,58.9,57.4
84.1,65.4,67.1,71.3,6.6,91.1,72.9
94.4,77.1,76.4,71.9,6.7,71.5,71.1
97.7,55.8,72.1,73.3,9.7,75.9,67.6
74.3,66.9,68.7,55.6,10.6,84.9,56.3
64.2,46.6,50.7,56.7,5.2,64.2,44.9
89.0,79.0,69.7,72.2,17.7,73.0,72.6
71.2,70.2,70.1,66.4,6.1,70.3,63.6
81.7,50.9,55.4,69.9,12.6,59.2,62.8
68.0,56.8,56.8,65.5,10.0,62.3,52.8
58.4,68.9,57.0,57.2,10.7,40.8,58.2
72.6,80.9,68.3,62.9,6.2,55.6,67.7
83.3,88.7,68.0,61.2,3.8,77.4,72.0
72.4,66.1,55.3,55.3,8.1,62.6,62.2
80.8,48.9,57.7,60.0,8.1,79.0,54.5
83.1,71.3,65.3,70.5,5.3,84.3,69.1
75.3,93.0,80.3,57.0,12.3,61.9,79.5
85.1,45.3,56.8,68.4,8.0,55.8,63.1
80.5,54.6,53.3,52.5,5.7,86.7,63.9
72.2,76.6,73.4,54.7,10.6,54.9,66.7
93.1,70.2,75.7,74.3,10.8,74.6,71.2
44.4,60.4,58.9,38.7,5.9,45.0,39.5
60.2,71.1,51.0,47.9,14.2,79.0,53.5
82.1,81.7,76.6,64.0,22.4,83.3,74.6
94.7,66.6,70.7,61.2,5.0,76.0,66.7
67.5,65.4,61.2,64.2,7.5,72.7,57.9
74.2,76.2,64.3,54.1,9.5,79.2,66.0
55.6,64.2,67.3,68.0,22.8,53.3,64.3
84.0,84.0,76.2,69.0,5.9,81.5,73.1
84.3,96.4,72.9,76.4,5.4,84.7,78.9
82.6,55.5,57.7,66.5,5.3,92.6,59.8
76.6,50.5,56.3,74.2,14.1,60.2,64.4
87.1,73.2,68.8,62.0,5.9,84.9,64.1
75.2,50.0,60.5,61.5,5.6,59.5,55.7
75.5,49.8,56.2,65.7,9.1,59.3,58.4
76.1,39.3,54.0,71.2,9.4,60.9,48.7
76.7,62.6,60.2,66.1,13.2,56.5,60.9
62.1,67.5,62.2,55.1,8.5,55.0,60.7
58.8,60.8,63.1,66.5,9.1,68.2,57.4
47.3,87.5,59.6,43.0,7.8,48.8,50.4
55.2,86.4,69.1,48.4,4.5,74.6,58.9
73.7,95.0,70.8,56.5,7.5,64.6,64.9
76.8,68.7,59.4,65.2,8.4,71.8,64.9
45.1,84.6,62.8,50.8,6.7,45.3,57.6
56.2,72.3,56.0,48.2,4.0,54.6,48.7
61.7,70.9,54.6,45.8,4.9,46.3,48.2
62.1,61.5,57.1,57.6,8.0,65.3,53.8
53.3,36.3,38.4,59.3,12.4,63.6,45.5
60.6,76.9,57.9,62.2,17.4,46.1,59.8
65.5,84.2,64.5,44.7,7.5,58.7,62.9
85.1,46.6,60.5,64.2,5.9,58.9,59.5
50.1,67.9,60.1,49.8,6.9,54.7,55.9
76.0,81.9,71.8,55.2,5.1,83.2,62.6
32.8,63.0,47.0,30.9,11.6,35.4,42.5
68.7,84.7,81.4,79.0,21.4,64.2,80.3
90.1,66.0,70.4,66.3,6.0,97.9,66.8
31.7,60.6,40.8,36.8,4.8,38.5,37.3
67.8,85.5,73.1,56.1,12.8,62.4,66.5
85.9,54.9,68.2,70.7,9.4,76.6,63.8
85.6,57.9,64.5,66.8,9.5,72.1,64.8
45.8,55.5,46.2,57.3,16.7,60.2,49.1
74.6,52.0,46.4,50.8,4.4,87.3,46.1
69.9,70.1,61.6,38.4,4.4,77.3,62.0
50.4,60.8,52.6,45.3,7.6,56.7,52.0
55.6,74.8,61.3,49.0,8.4,46.9,57.5
66.6,43.7,54.7,57.6,7.0,58.8,51.5
77.7,52.3,62.9,82.8,24.7,79.4,67.4
72.7,68.7,54.3,58.3,7.1,79.4,57.3
51.3,88.6,63.2,42.2,6.4,61.1,52.4
33.0,73.3,55.4,43.1,8.6,31.2,54.5
73.2,59.7,63.7,65.4,12.6,65.2,62.5
76.2,47.1,50.3,68.9,5.9,80.7,50.5
88.8,58.9,64.1,54.3,7.6,75.5,59.3
39.5,67.4,45.5,42.5,12.8,32.5,48.5
55.7,35.0,39.4,61.8,13.1,41.2,46.1
84.0,51.0,61.0,65.7,9.0,65.3,58.2
84.7,57.7,69.3,70.0,24.2,79.9,67.0
93.6,64.4,74.5,80.5,19.9,98.3,74.8
41.3,67.2,49.0,33.1,4.3,65.8,39.9
80.4,59.4,53.5,41.0,3.8,89.8,54.7
77.2,75.1,68.5,59.9,11.7,69.6,65.6
92.2,69.7,69.3,61.0,15.1,70.9,75.8
45.9,62.8,48.9,46.3,7.4,57.7,47.4
67.5,77.0,64.5,52.8,6.5,76.7,63.3
80.8,75.9,72.5,58.8,5.6,76.7,73.2
79.7,47.6,56.3,54.0,4.8,86.1,52.5
66.3,67.6,66.0,64.5,13.6,60.6,61.2
87.0,80.5,73.1,65.3,6.9,62.9,68.7
41.6,82.8,58.6,42.6,9.4,69.0,50.1
42.9,73.2,55.5,39.1,3.6,60.7,49.5
75.9,64.7,74.2,69.4,12.8,75.6,72.2
71.3,73.9,73.0,69.5,10.6,53.4,70.0
83.2,79.3,69.9,61.8,4.5,81.7,72.7
74.1,69.6,69.8,61.4,9.2,81.9,63.6
60.9,71.2,61.8,52.4,8.2,55.1,54.3
90.7,64.5,64.2,61.5,6.7,92.7,74.3
70.7,49.3,53.4,46.8,2.2,59.6,51.4
66.2,65.6,52.9,51.9,6.1,56.6,49.4
96.1,58.5,69.5,61.7,9.4,90.1,77.2
49.4,58.6,57.3,47.9,6.4,51.8,50.1
69.3,88.1,72.3,53.8,7.4,43.5,55.5
80.0,81.3,81.0,75.5,16.0,61.6,80.7
68.2,44.3,46.6,40.8,7.9,70.0,40.6
59.2,52.8,52.3,52.0,3.2,47.2,50.2
82.6,62.9,67.7,63.7,7.5,62.2,67.1
63.0,59.0,52.5,46.1,8.5,46.6,54.5
86.4,72.4,71.9,62.4,5.6,60.4,72.7
48.9,50.6,48.4,43.2,11.4,63.8,51.3
77.2,81.4,70.1,50.8,4.2,59.3,71.3
61.7,67.4,52.7,49.7,7.7,57.2,54.4
78.9,63.2,65.3,47.9,4.2,68.7,58.4
87.0,67.8,71.1,70.3,7.1,64.4,66.8
67.7,62.2,59.3,59.2,11.2,59.9,63.9
73.0,39.6,53.0,69.2,7.6,74.7,52.4
37.0,68.2,49.1,45.2,7.4,62.2,51.5
46.7,63.5,47.9,51.0,8.3,42.1,46.0
79.3,54.6,66.1,65.0,8.5,86.5,60.1
73.0,83.4,76.3,69.8,11.2,62.8,75.3
91.7,77.4,79.6,68.6,11.2,63.4,75.8
81.6,98.0,87.5,65.8,15.5,66.7,72.6
61.5,79.7,63.4,49.9,8.8,61.1,57.9
65.9,59.0,46.8,49.3,3.9,56.7,41.9
71.5,55.3,60.3,54.4,12.0,67.4,57.2
64.0,61.1,61.1,55.3,15.0,68.1,58.7
51.8,58.7,66.3,70.6,24.7,45.5,60.2
78.5,69.5,75.5,76.8,15.7,65.1,75.7
83.0,46.5,58.9,65.8,6.5,67.5,59.9
93.3,77.1,76.2,79.1,8.9,79.6,84.1
75.9,69.3,69.3,62.4,7.2,75.0,67.0
86.9,75.5,58.3,61.3,6.8,75.4,67.6
67.7,52.0,56.0,59.5,7.8,75.8,56.8
67.4,71.5,68.7,60.0,14.6,75.8,64.8
91.2,86.2,74.4,60.4,4.0,71.8,69.7
85.3,56.0,59.6,60.4,5.2,71.4,59.5
82.3,55.6,65.7,69.3,14.1,73.8,64.7
40.1,78.0,61.4,41.0,15.7,47.3,55.3
74.6,54.4,58.6,54.5,6.1,88.7,60.2
89.1,64.7,67.0,65.6,17.2,80.5,71.0
84.2,88.7,81.2,59.0,12.7,74.0,73.6
80.6,55.8,64.9,51.1,7.2,80.4,57.9
88.6,89.6,70.5,55.0,2.7,97.4,72.4
54.4,63.3,65.0,48.9,3.9,54.5,50.9
72.1,52.3,56.3,61.3,6.1,60.9,54.3
88.7,76.5,77.2,64.2,11.5,77.9,71.3
89.2,69.5,74.1,67.2,11.5,78.7,79.8
34.9,68.2,45.5,46.4,6.6,33.6,41.0
31.9,57.2,39.4,35.7,7.4,21.7,35.9
60.3,69.4,58.7,52.5,8.0,77.0,56.2
73.9,39.1,45.0,68.6,7.4,57.3,49.8
65.2,71.1,62.6,43.8,8.8,68.6,62.5
66.2,86.2,58.6,54.0,8.1,67.2,62.0
64.6,43.3,47.3,47.7,3.8,53.4,42.1
74.8,62.3,57.0,54.0,7.4,74.4,63.9
34.1,55.8,44.7,37.7,8.1,35.6,42.4
85.5,46.8,51.0,66.8,12.7,62.5,60.2
68.8,39.3,40.6,51.8,5.6,70.7,49.3
81.4,51.5,56.6,60.4,9.0,74.9,54.8
45.2,64.6,55.6,56.2,10.5,40.7,52.4
68.9,84.1,71.6,71.9,7.6,80.7,72.5
90.6,46.7,64.2,63.7,3.7,71.4,58.3
66.8,72.1,64.4,59.1,12.9,85.1,65.6
83.6,71.1,68.9,62.9,11.4,71.1,70.0
75.3,91.4,69.6,65.0,9.1,62.5,65.3
55.4,76.0,57.8,48.5,8.3,56.4,53.1
97.9,76.8,71.3,52.1,3.7,73.0,61.1
79.6,77.8,61.2,62.9,11.6,82.5,68.4
94.3,55.1,66.5,81.2,15.9,81.9,77.3
55.3,60.0,54.7,53.8,4.9,49.6,49.2
51.1,83.6,66.2,64.2,15.0,45.1,62.8
83.8,39.3,57.3,71.1,13.6,65.4,62.9
82.4,58.4,58.8,61.2,4.9,55.2,60.1
71.6,49.4,46.6,57.7,6.8,63.3,48.9
86.1,71.3,58.3,63.4,4.4,91.9,70.5
64.5,62.1,55.7,54.4,7.9,71.5,57.2
50.6,76.8,65.6,52.4,10.0,39.2,57.2
50.8,66.5,50.4,36.2,4.5,47.8,47.7
80.3,46.4,62.2,62.9,9.7,72.1,61.6
50.9,47.0,42.6,55.6,10.9,67.2,45.5
92.0,67.9,71.3,62.6,11.0,88.2,76.0
81.4,57.2,59.6,65.0,10.0,53.5,65.3
86.0,60.5,60.8,64.7,4.7,69.9,62.3
92.2,81.1,78.4,65.1,7.7,92.8,75.4
74.1,78.6,68.6,65.2,9.6,81.1,65.3
61.4,93.2,61.8,41.8,15.8,68.4,62.6
50.2,63.6,50.7,38.4,8.2,43.6,44.7
76.9,59.0,58.2,61.5,9.9,96.4,61.3
56.0,73.9,51.0,49.0,5.4,36.3,52.8
52.7,60.1,47.3,53.3,4.9,59.6,44.1
54.4,60.6,61.8,54.2,4.6,64.9,56.7
80.0,65.2,70.9,68.5,6.8,76.6,63.3
67.6,91.1,64.6,58.8,20.7,67.2,71.8
67.0,77.9,61.0,44.6,6.8,56.4,62.1
52.7,79.3,61.0,57.9,9.6,42.2,63.3
60.6,90.5,65.8,50.0,10.5,44.0,67.2
83.1,80.6,68.2,63.7,5.0,57.4,73.2
43.8,52.2,48.3,46.6,6.7,47.3,48.0
79.7,80.4,78.3,76.4,10.8,67.7,74.1
89.2,82.2,78.7,59.5,9.9,86.2,72.6
79.0,77.1,67.5,53.1,3.3,62.5,63.4
57.4,65.3,57.6,44.4,10.7,70.5,61.3
77.3,75.6,64.1,52.9,6.4,73.6,63.1
58.0,67.7,49.5,52.6,6.4,44.9,52.6
65.8,54.3,47.3,53.1,9.8,65.6,58.0
73.6,57.8,60.2,74.0,16.2,66.8,62.8
74.0,77.9,65.5,56.1,7.5,78.2,62.3
80.5,55.3,56.0,59.9,13.9,73.8,64.9
61.8,56.6,46.5,46.7,4.3,51.5,46.0
57.4,78.5,57.3,41.2,8.7,66.8,58.7
89.4,69.9,71.6,56.7,6.4,61.7,67.5
77.3,76.1,69.4,60.0,9.3,73.2,68.3
85.7,50.8,55.8,59.3,7.1,72.9,50.3
86.3,75.7,69.5,60.3,4.5,79.5,70.6
45.8,58.8,39.2,32.9,5.5,66.5,43.2
86.0,53.8,55.1,53.8,3.9,83.5,60.3
71.0,60.9,50.4,55.2,4.5,60.6,56.3
91.3,87.1,81.0,71.7,10.1,67.1,78.3
61.4,62.9,55.0,54.4,7.3,73.9,54.4
99.2,98.0,84.9,72.0,9.1,68.7,80.8
72.2,39.1,59.9,71.8,18.5,57.2,58.6
63.7,46.4,47.0,60.2,7.1,61.9,51.1
82.1,86.5,77.7,68.2,10.9,63.9,72.4
57.9,90.1,76.0,58.1,8.3,27.3,68.2
49.0,55.9,53.2,67.4,28.3,69.7,58.1
87.2,69.0,59.1,59.3,2.1,71.3,59.0
80.5,78.0,65.6,72.5,5.9,62.3,69.6
58.9,64.8,58.6,52.8,11.0,66.8,63.7
92.3,70.1,76.7,58.5,5.8,79.9,65.8
82.2,68.2,72.5,51.5,10.5,57.7,64.9
47.9,47.3,47.4,41.7,7.9,62.7,48.9
85.5,63.2,71.3,67.2,12.1,84.9,70.9
81.4,68.2,67.9,64.5,4.9,61.2,66.6
89.7,69.4,73.1,64.6,8.8,77.8,70.0
68.6,43.8,55.0,65.0,10.1,51.6,44.6
66.5,78.6,61.7,58.7,8.7,76.3,64.3
74.5,69.8,73.9,68.9,8.7,87.3,69.7
60.7,53.2,61.2,60.8,14.0,45.4,60.3
71.3,93.2,66.2,50.4,3.8,78.3,63.7
68.6,63.1,62.6,58.3,8.6,69.9,65.9
72.5,64.1,67.4,61.1,4.7,65.1,60.2
77.3,77.0,72.7,69.6,11.5,79.2,69.0
59.0,94.4,64.4,42.2,5.6,42.4,58.3
95.1,77.5,81.7,75.5,2.7,98.0,79.8
88.4,79.6,75.6,66.3,11.6,78.7,70.0
75.7,54.0,54.7,57.0,7.2,73.0,59.1
44.5,69.2,47.0,43.6,9.6,50.7,46.7
86.0,60.5,55.6,74.7,15.5,78.6,66.0
59.8,77.9,69.9,47.6,9.7,67.8,56.8
96.3,79.2,73.7,73.3,8.8,90.5,78.4
69.3,90.9,75.8,61.7,8.0,73.6,70.0
58.3,37.8,38.3,43.1,4.9,63.2,44.0
65.9,59.2,56.9,54.5,7.4,51.5,54.4
69.6,86.2,77.2,74.5,19.9,80.6,77.6
71.0,48.4,46.9,50.6,6.9,72.0,51.3
57.9,79.3,66.6,56.8,7.6,60.2,64.1
78.0,83.9,72.6,64.6,14.4,92.9,75.2
78.4,67.6,64.1,50.1,4.1,52.1,60.5
46.8,48.1,52.8,51.4,10.8,53.6,45.2
83.3,66.3,67.3,57.5,4.0,55.4,61.0
65.7,88.4,67.8,53.6,9.8,65.9,63.3
57.7,89.5,73.9,50.1,8.1,77.6,71.0
72.0,70.9,65.3,64.0,10.8,80.5,68.1
76.2,54.3,58.8,62.5,5.2,68.9,58.2
35.6,92.3,57.5,45.1,6.4,64.1,53.9
93.6,79.5,69.6,62.4,11.0,92.6,70.5
56.8,55.2,44.9,50.7,6.5,65.5,49.6
70.9,72.8,63.5,63.9,11.5,61.9,70.6
69.1,72.2,56.7,47.3,9.0,60.6,58.6
81.6,59.1,60.6,60.4,6.7,85.1,66.0
83.3,72.9,72.1,62.5,7.1,90.3,70.1
77.2,83.5,68.7,59.5,8.2,65.3,69.8
31.5,63.9,43.1,26.4,7.4,63.5,40.5
45.7,84.9,58.3,50.3,11.3,46.4,56.9
78.8,43.4,66.7,62.6,6.9,66.8,55.7
69.0,98.0,79.4,55.8,6.3,87.8,73.6
74.2,68.8,64.1,61.9,12.3,61.2,63.1
78.7,83.0,73.0,66.3,6.8,60.0,70.6
81.9,71.1,59.8,56.1,6.4,60.8,58.8
85.1,56.5,58.0,51.0,2.7,73.8,59.6
67.8,67.5,55.6,48.2,5.1,64.1,56.7
67.8,41.3,50.9,46.5,5.6,61.7,49.1
66.7,77.6,61.1,62.8,6.4,78.0,64.5
75.0,70.7,70.1,51.9,5.9,72.9,62.6
83.4,65.3,68.9,74.5,12.7,75.8,82.5
79.4,78.5,63.1,51.5,5.8,77.5,66.1
94.8,68.5,69.9,62.2,6.0,96.2,70.1
65.8,76.5,65.0,45.5,8.8,61.9,63.4
95.5,81.5,78.0,65.8,5.0,79.4,72.4
51.8,60.3,56.3,59.1,16.5,46.3,53.5
61.8,56.3,59.9,60.0,11.7,67.9,60.3
37.5,43.9,39.9,30.9,4.8,38.2,39.5
55.3,69.7,62.1,53.7,12.9,53.6,62.6
82.2,74.3,71.2,72.4,14.2,76.0,66.7
70.6,49.5,51.3,52.1,4.9,76.1,52.2
83.6,87.9,72.3,59.0,4.8,86.2,72.4
73.6,56.5,54.7,53.6,6.2,54.3,57.6
46.5,38.6,37.7,33.7,4.3,68.8,40.3
68.0,88.9,65.9,42.5,5.7,51.9,59.4
89.6,40.4,64.6,62.0,6.8,85.3,62.3
74.0,81.5,67.6,62.4,10.2,88.0,69.9
73.2,78.1,63.8,64.9,8.5,71.5,66.9
78.3,72.5,69.9,62.8,7.6,75.3,62.9
43.0,60.7,48.7,47.7,6.6,51.0,44.1
64.9,75.0,58.7,55.6,4.5,73.2,65.9
71.5,82.7,73.0,61.3,10.7,78.5,72.9
62.0,54.2,53.2,57.5,10.6,66.4,54.2
64.5,81.7,73.5,65.3,6.2,79.3,67.0
87.0,81.0,68.8,66.6,5.0,77.3,77.8
46.4,72.1,56.2,59.6,16.4,50.3,57.5
91.3,60.5,67.3,64.4,9.1,60.9,65.3
90.9,81.1,82.5,71.3,9.8,83.2,74.1
88.0,75.1,68.8,65.4,10.0,82.0,69.7
34.5,53.8,43.2,42.1,4.8,59.3,35.9
60.8,62.9,52.7,52.5,16.0,47.7,57.7
87.5,79.5,77.7,69.2,6.8,91.4,78.3
86.0,69.6,67.9,71.4,11.8,66.0,73.5
80.6,83.2,76.2,60.0,15.7,83.2,71.3
65.6,63.2,61.0,54.7,8.5,75.2,50.7
69.7,54.0,45.2,48.2,4.8,51.0,51.0
71.1,98.0,73.3,55.6,2.7,78.7,74.3
51.7,44.5,43.2,51.0,8.0,61.7,39.9
74.4,61.0,63.3,60.2,9.1,52.7,59.0
71.6,71.9,57.9,50.1,6.3,68.5,60.7
71.1,81.8,64.6,55.1,8.7,71.6,62.1
93.3,77.1,81.5,74.1,9.9,76.6,70.2
70.4,98.0,81.8,66.0,12.8,82.8,74.0
71.1,66.4,56.8,57.9,7.4,47.7,56.0
76.3,55.8,67.4,60.7,8.0,85.0,55.6
61.7,64.9,45.0,51.4,7.5,65.6,56.6
85.9,63.5,66.3,60.4,8.3,86.8,71.2
82.0,67.0,57.6,51.6,6.5,92.4,62.1
90.2,54.2,63.4,56.7,6.5,87.9,65.3
78.0,79.0,66.6,55.5,6.7,76.9,60.8
96.8,73.2,72.3,82.2,8.8,82.7,74.4
95.4,50.3,58.2,56.9,5.6,74.0,58.4
77.8,81.6,65.4,56.7,6.7,83.7,68.3
94.7,56.6,72.5,82.3,18.4,99.3,65.2
74.9,51.4,63.4,64.5,12.2,68.7,59.7
59.7,69.2,65.8,50.3,5.3,62.6,60.1
47.3,43.4,43.0,45.9,12.1,50.4,45.0
85.7,76.3,74.9,73.3,10.8,81.5,76.0
81.7,28.3,55.7,62.8,7.8,71.9,51.3
90.0,53.6,59.9,59.9,5.9,62.0,50.5
84.4,90.1,73.9,73.4,5.6,65.3,77.3
46.3,58.4,58.7,52.0,9.0,59.7,54.7
59.5,60.8,54.1,56.7,5.6,46.8,58.4
81.7,85.8,76.1,64.9,13.4,95.5,75.6
97.2,56.9,63.4,74.3,15.2,84.8,71.3
97.3,78.7,74.6,71.6,8.0,83.7,83.3
80.3,84.4,82.1,61.5,13.6,89.3,69.0
70.8,74.7,66.1,56.0,6.8,72.1,64.8
52.4,47.8,43.4,35.9,5.9,44.3,46.8
73.0,59.5,66.3,54.9,13.4,72.4,62.9
62.0,98.0,67.6,65.0,16.6,82.6,72.4
94.5,61.1,71.6,78.7,19.8,79.8,68.9
60.0,98.0,81.3,57.3,9.5,61.5,75.9
66.3,91.9,69.7,51.4,12.0,61.6,71.3
92.6,75.3,74.2,71.3,9.4,77.7,77.8
45.7,72.2,62.5,53.8,15.4,42.4,57.1
83.1,61.5,68.8,55.8,9.9,86.6,64.1
66.2,66.8,55.0,56.7,11.7,73.6,59.3
81.2,58.4,62.3,57.2,4.9,59.8,65.4
91.6,67.1,76.6,62.5,7.4,81.3,69.2
66.3,48.9,50.0,52.2,11.8,81.1,58.9
61.5,48.2,50.1,56.1,11.3,67.4,51.7
45.0,86.2,60.5,46.6,12.2,38.1,54.5
85.5,45.4,63.5,71.8,8.6,66.4,54.1
57.2,80.4,55.3,54.2,6.1,62.4,60.0
94.2,41.5,46.7,69.5,8.0,72.7,60.4
65.9,76.8,65.0,57.4,8.3,46.9,57.7
80.9,65.1,71.8,69.9,9.1,80.6,73.1
43.4,86.5,55.7,40.7,5.3,57.0,49.3
73.4,63.4,59.5,65.6,7.2,50.7,62.3
85.3,39.9,55.7,64.8,7.8,68.3,59.6
66.3,65.4,65.8,59.2,3.0,71.5,63.2
63.4,70.2,60.0,64.7,11.9,48.7,53.7
67.7,66.2,62.5,54.8,8.8,90.7,65.1
62.7,76.1,56.7,52.0,9.2,78.8,59.6
77.1,60.1,56.7,64.3,6.5,67.0,58.4
73.6,50.3,59.8,55.7,10.6,70.2,60.5
28.3,54.0,44.7,29.5,5.6,36.4,41.4
82.6,60.8,66.4,58.9,6.0,87.4,56.7
73.9,60.7,54.1,70.9,10.8,66.0,56.1
79.4,98.0,76.9,66.9,9.6,87.4,80.8
67.8,85.6,67.2,51.9,4.6,72.8,65.9
85.8,77.6,74.0,63.8,16.6,83.4,74.4
43.1,74.2,45.6,50.6,5.8,48.1,46.3
92.5,72.2,66.3,67.9,7.7,83.1,71.4
80.4,72.3,68.6,73.3,17.9,65.3,75.1
63.5,70.3,56.1,42.4,3.2,43.6,61.5
65.4,68.6,50.5,56.3,3.8,79.5,55.1
77.3,38.7,56.8,64.6,10.0,74.7,59.4
85.1,62.8,61.7,53.9,2.7,79.7,67.7
70.0,64.6,52.5,47.5,3.3,69.4,49.7
91.7,57.5,68.2,66.7,13.9,79.1,74.5
74.5,60.2,51.6,49.8,6.8,64.6,56.2
72.8,72.2,69.7,68.6,21.9,56.4,69.8
44.4,78.7,46.9,44.5,5.1,55.4,48.8
92.0,72.2,63.9,65.4,7.1,67.1,66.3
78.1,78.4,66.1,54.0,10.4,74.1,63.9
73.5,78.6,65.6,63.8,10.1,53.5,62.3
66.5,63.8,61.8,63.8,7.3,53.1,60.6
46.2,75.4,53.9,42.2,6.1,36.1,54.8
85.6,43.6,68.0,66.2,9.1,85.8,58.9
76.1,62.6,63.3,64.2,15.2,71.5,62.1
59.6,61.0,40.4,50.4,11.5,45.2,51.1
69.7,89.4,58.5,47.0,6.1,58.0,58.2
64.3,72.7,54.4,50.4,5.2,75.2,58.2
77.4,49.3,69.7,50.0,6.0,79.4,58.1
83.4,76.3,70.6,70.6,4.6,92.1,64.4
63.8,80.7,67.0,42.0,8.7,75.1,63.8
71.2,66.7,68.3,63.5,11.8,78.1,63.1
91.7,77.7,66.2,56.8,7.9,81.2,72.8
65.1,33.1,42.6,67.6,17.7,51.8,49.6
51.5,30.2,44.9,49.5,18.2,57.9,42.8
65.8,51.5,44.3,57.8,9.4,77.9,52.6
46.1,70.1,58.8,48.7,11.2,70.4,59.8
92.4,89.5,78.3,69.8,5.4,61.7,81.7
54.1,52.2,50.8,46.1,6.9,73.3,51.5
95.7,56.0,74.0,89.7,14.5,83.8,72.0
46.1,69.2,51.1,31.9,6.3,48.6,48.1
75.4,61.1,65.8,71.3,15.9,56.2,64.8
75.4,60.3,66.3,74.5,13.5,63.0,64.7
80.0,62.1,68.6,83.3,11.5,97.0,69.0
78.9,86.4,66.1,64.1,4.8,83.7,65.5
70.0,83.6,65.2,53.6,7.1,61.1,67.4
67.4,68.3,73.1,65.4,10.9,80.8,69.1
84.1,91.2,76.9,62.5,5.2,63.1,72.6
81.0,75.1,74.0,63.2,7.5,69.9,73.0
68.6,84.2,62.1,47.0,11.5,61.0,65.4
88.7,56.0,58.1,60.1,6.3,71.6,57.0
74.4,58.8,52.9,55.2,5.6,61.9,54.6
69.3,58.7,49.1,49.5,3.6,66.2,57.8
86.5,66.8,59.6,62.7,6.9,66.7,62.4
84.1,68.8,69.3,63.2,11.6,89.4,66.6
68.7,72.5,60.8,57.1,5.5,73.2,63.4
54.4,95.6,69.6,45.1,8.2,39.9,61.6
81.8,78.1,68.4,60.8,7.4,63.8,69.2
87.5,60.8,55.6,72.0,6.0,60.5,62.1
86.5,68.0,72.6,72.4,11.9,77.5,68.1
55.8,89.1,58.3,54.1,17.1,80.4,62.5
76.1,78.9,72.5,69.8,12.8,56.8,64.1
36.7,88.9,52.2,37.9,6.0,42.8,47.5
56.3,61.2,59.3,59.2,20.0,73.1,62.2
85.7,58.0,58.5,64.2,12.8,77.3,68.0
94.3,58.2,72.0,76.3,6.6,77.7,66.9
83.6,62.4,63.2,57.7,5.8,86.4,58.2
73.8,53.1,56.9,58.4,13.5,72.7,62.9
61.4,72.1,52.5,53.1,8.8,77.5,61.9
56.6,72.4,64.6,45.6,5.6,51.0,58.8
95.7,86.7,74.6,66.6,7.6,98.4,71.6
86.2,43.4,58.7,63.0,6.8,69.6,59.9
57.9,54.8,43.7,36.3,5.6,61.2,48.3
75.1,79.3,88.3,69.3,12.9,64.8,77.5
50.5,70.6,57.0,50.2,11.6,57.4,56.1
72.9,68.6,61.7,60.6,11.9,70.1,60.6
82.8,85.7,75.1,51.6,11.8,77.5,70.3
66.7,53.9,58.2,59.8,5.4,61.6,59.3
75.3,57.8,61.7,63.1,6.2,61.9,60.8
53.6,56.1,49.8,44.0,15.7,61.3,47.0
91.8,39.8,62.0,72.1,8.6,81.9,67.9
87.5,69.9,66.0,57.0,4.2,85.3,69.7
73.4,60.7,59.9,57.4,9.0,66.5,65.3
75.0,57.7,59.0,71.2,11.0,69.5,65.7
90.2,55.2,58.3,65.8,10.3,72.8,60.0
78.1,67.8,63.5,45.7,5.4,67.5,61.4
70.0,56.8,64.3,65.2,19.1,71.2,65.7
49.0,71.1,58.8,44.1,4.2,49.1,47.6
72.9,74.4,67.5,67.5,8.6,62.8,61.6
90.0,63.9,70.5,72.3,17.8,63.3,73.6
42.3,62.9,43.6,47.3,10.7,61.5,51.1
42.9,70.6,51.9,39.9,11.9,48.4,59.1
65.4,67.6,58.4,44.4,5.1,50.8,54.2
65.4,86.6,57.5,45.3,9.5,50.5,54.8
90.2,72.5,75.0,60.9,8.0,87.6,70.5
66.1,83.3,60.9,48.5,4.9,50.7,63.0
76.5,76.5,68.4,63.3,12.1,87.0,67.7
78.6,49.5,55.9,42.1,5.6,61.5,53.7
78.7,60.2,60.1,54.9,6.0,73.4,57.4
85.4,67.3,76.0,73.3,9.9,83.7,75.5
78.8,80.2,71.0,52.9,7.7,87.9,70.8
50.7,95.0,63.2,42.2,8.8,53.4,57.7
66.6,61.2,43.7,57.2,7.4,64.5,51.6
90.4,68.8,75.1,60.7,15.4,68.9,68.9
86.1,79.2,64.7,56.0,5.4,96.1,61.5
74.4,67.2,66.6,59.4,6.6,76.4,60.4
88.6,91.0,81.1,67.0,10.1,66.2,70.6
64.9,49.1,47.1,37.6,5.2,52.1,50.1
74.6,77.5,68.7,48.7,5.1,62.3,66.7
65.6,77.4,63.2,40.2,8.7,56.9,58.4
90.0,84.1,77.6,62.5,12.1,72.9,75.6
67.4,68.9,56.4,65.6,12.8,79.4,66.2
79.7,80.5,74.1,78.3,8.5,53.3,73.9
50.2,64.5,46.7,49.7,6.0,55.0,56.6
88.1,56.8,59.4,64.1,9.2,80.2,64.2
63.8,54.7,52.0,49.6,10.5,62.5,58.3
71.8,47.8,59.3,48.8,9.2,62.9,55.0
82.9,61.8,69.4,73.0,14.2,61.5,67.3
92.3,72.4,72.9,65.0,5.2,71.1,72.0
75.1,65.1,66.2,63.5,6.0,87.1,65.7
65.7,70.8,60.6,65.7,13.4,74.5,61.4
79.5,85.3,62.9,55.0,4.2,65.3,62.4
86.7,60.8,56.7,63.5,6.4,70.7,62.0
85.3,98.0,80.8,67.5,5.9,65.0,69.8
85.3,78.6,75.3,64.0,4.0,70.8,68.7
65.3,65.2,64.6,64.8,7.5,62.8,57.2
89.0,64.9,63.9,60.7,11.4,76.3,64.4
84.8,53.9,69.9,73.3,8.8,68.1,62.5
81.9,67.6,76.4,63.1,11.7,64.5,71.3
76.9,37.7,56.3,59.3,14.0,81.0,58.2
80.7,85.6,79.6,63.6,6.9,84.2,73.3
80.8,28.6,61.1,73.7,26.9,88.8,61.7
74.5,68.6,62.5,59.8,7.0,59.5,65.2
46.0,52.0,42.0,42.6,7.4,54.5,47.1
42.6,58.2,42.0,58.7,5.9,62.4,46.8
81.5,60.0,63.9,74.1,10.4,83.5,70.7
51.7,95.0,64.4,51.0,7.2,55.7,61.4
72.8,52.6,56.7,64.0,7.9,76.4,58.7
85.5,80.8,72.2,64.2,7.4,61.4,68.0
85.1,84.2,64.9,70.9,7.4,68.5,68.9
79.6,35.3,55.5,59.0,8.8,71.0,52.0
72.0,59.4,59.4,42.0,6.7,76.4,58.8
62.1,88.8,68.5,54.7,6.8,74.0,66.7
98.0,49.6,60.7,67.3,13.2,77.9,61.8
82.9,84.8,73.4,56.1,7.2,78.3,72.4
96.4,67.7,73.5,74.6,9.7,74.6,78.8
56.3,67.1,56.8,47.7,5.5,58.0,51.5
46.4,69.0,58.9,43.9,6.7,55.3,49.9
67.4,72.8,61.5,58.9,4.7,50.0,59.5
79.3,54.6,65.9,73.7,18.8,80.7,71.9
79.5,64.4,62.5,65.2,15.2,62.9,63.5
62.4,73.2,66.0,55.7,10.7,69.8,68.7
86.6,70.5,78.0,76.5,21.5,91.5,73.5
62.4,72.9,63.6,59.5,11.5,66.9,62.8
54.0,57.9,47.6,55.5,7.6,58.6,44.7
55.2,76.9,58.1,57.2,9.7,45.6,54.8
72.9,69.8,59.1,68.8,15.1,67.1,64.1
69.3,45.9,45.3,39.6,5.5,60.0,48.3
85.6,60.6,66.3,59.8,4.8,88.4,68.3
48.1,55.5,53.2,61.5,9.8,54.1,49.2
60.9,55.3,54.9,60.9,6.3,66.4,55.6
71.5,61.3,64.4,54.8,3.0,54.3,52.8
86.3,76.6,71.5,62.2,4.7,69.5,71.9
81.2,59.2,59.5,61.5,7.1,79.4,66.0
90.3,71.2,68.0,67.5,8.3,88.2,73.6
56.4,68.9,57.0,57.5,8.5,40.9,59.2
90.1,57.1,67.4,72.4,20.1,90.5,70.7
72.6,63.2,63.4,50.8,7.4,61.1,60.0
71.3,80.1,67.5,49.5,9.3,76.1,64.7
55.8,70.1,52.6,41.6,3.9,59.8,51.8
94.2,75.7,73.5,70.8,8.1,61.8,69.5
59.0,85.8,67.3,48.9,9.5,42.5,62.8
66.5,74.1,65.7,52.5,4.4,80.4,62.9
64.6,41.1,40.0,55.7,5.4,46.3,49.0
77.9,71.8,65.0,55.9,10.2,58.6,65.3
52.0,59.3,49.6,41.1,6.4,61.8,51.8
89.5,93.3,82.5,69.4,7.8,96.1,76.7
69.4,73.6,65.2,59.2,10.4,74.3,69.2
95.2,59.6,74.0,73.2,20.4,61.5,71.9
71.9,75.9,62.3,47.8,7.4,58.8,53.8
80.9,69.3,66.7,69.3,18.1,64.9,67.8
57.1,43.9,48.4,46.7,3.4,63.5,48.0
88.9,80.1,78.6,70.0,8.7,86.4,75.2
95.1,62.3,73.4,76.1,7.0,100.0,65.2
18.2,87.9,51.7,28.7,6.4,34.2,46.3
75.5,66.3,59.3,58.7,11.0,53.3,61.5
68.7,88.2,67.3,59.2,7.4,73.3,63.6
53.4,73.9,57.9,32.4,3.3,66.2,54.5
67.5,81.6,63.8,41.5,4.0,78.3,60.5
67.1,61.1,59.0,56.9,11.3,75.4,52.4
64.0,72.9,56.6,41.8,3.9,76.4,58.7
85.8,43.8,65.3,67.6,11.4,85.9,63.6
71.6,66.2,52.9,53.5,8.6,65.1,63.1
92.4,47.2,65.0,75.7,7.6,94.2,62.5
67.6,52.0,55.0,61.2,7.9,65.8,54.5
80.6,55.5,56.0,63.1,10.3,64.4,63.6
49.8,77.2,62.8,42.6,4.8,61.5,52.4
65.4,65.9,46.1,50.7,8.3,58.4,57.5
51.7,68.4,54.3,48.2,4.9,65.0,56.5
72.5,65.6,64.3,58.9,8.8,70.6,63.1
80.7,83.1,68.0,61.1,10.9,83.3,69.8
67.1,68.1,61.3,52.5,8.8,77.5,57.9
46.2,71.5,51.7,38.1,10.7,60.1,49.1
66.3,60.0,60.3,52.5,6.0,68.7,57.6
74.2,84.1,86.9,66.3,7.9,75.5,63.6
52.1,85.1,64.2,55.8,7.3,55.9,58.7
72.7,67.5,62.5,46.2,7.1,55.8,56.3
48.7,59.8,45.3,48.7,5.7,65.9,44.8
66.0,45.4,50.5,49.7,6.7,57.4,50.3
73.4,55.8,54.9,54.8,4.9,60.3,50.0
60.2,37.7,45.1,37.9,3.8,49.7,46.4
82.3,55.3,52.9,54.9,6.0,66.9,60.2
29.0,73.0,42.4,33.1,10.8,51.5,49.7
73.4,67.3,67.6,55.2,9.1,76.5,61.5
67.3,98.0,72.7,55.7,4.6,44.0,68.0
81.1,62.8,70.7,68.2,6.8,90.6,69.6
81.6,61.7,66.4,63.8,11.2,58.1,63.7
78.5,82.9,68.9,41.5,6.7,86.7,64.1
85.4,41.0,55.5,69.1,4.3,74.5,57.5
38.9,47.3,46.7,56.5,22.6,45.1,48.0
57.7,77.3,64.8,51.6,7.6,54.3,55.7
59.9,65.3,52.1,37.2,4.8,46.0,42.0
90.4,65.6,74.3,67.1,8.8,95.8,67.7
79.0,54.9,59.5,62.1,7.9,53.4,50.5
45.0,71.4,47.1,46.5,4.1,60.0,46.4
76.4,56.7,52.6,53.1,8.5,78.5,62.2
74.6,69.0,61.7,46.7,12.7,66.3,55.2
67.6,51.8,57.0,50.4,7.4,71.8,55.9
44.9,65.4,45.0,37.9,3.2,38.2,49.0
56.4,96.3,74.6,67.1,9.5,65.2,64.2
92.1,62.1,71.0,77.0,10.7,92.4,77.7
96.6,66.2,75.3,77.7,6.3,64.0,71.2
69.0,65.2,57.1,50.1,6.3,66.0,61.7
75.6,70.4,71.0,68.6,22.6,69.9,72.0
74.8,74.6,67.9,49.5,6.1,69.8,61.6
67.3,71.6,59.3,46.7,4.9,62.6,47.4
64.1,71.9,57.3,47.8,8.3,54.5,53.3
49.1,65.5,46.2,54.3,10.6,74.9,55.1
88.5,69.4,72.3,64.7,10.4,64.8,74.6
44.3,65.0,44.3,39.3,2.7,62.8,40.9
95.5,42.6,59.5,73.4,6.1,86.7,62.2
32.8,98.0,55.0,36.6,13.7,46.9,54.3
93.3,78.2,73.0,62.1,9.5,87.7,74.5
61.4,54.3,59.6,44.5,4.7,68.3,52.8
35.7,71.2,53.7,46.7,14.3,29.7,49.3
86.5,49.2,59.9,70.1,12.6,77.4,65.4
74.5,61.1,57.2,53.4,7.1,86.4,56.7
74.7,47.3,48.9,54.9,12.1,56.8,53.8
76.9,67.3,64.6,73.2,20.1,82.7,72.3
70.7,45.9,45.5,52.4,5.1,71.5,47.7
52.6,73.4,59.5,52.3,10.5,68.6,56.7
66.2,77.6,71.0,65.8,20.0,82.6,68.4
71.1,56.4,57.9,54.4,11.0,84.0,60.3
41.9,70.3,50.1,31.7,5.8,40.7,47.7
80.6,55.7,57.3,60.1,9.1,82.3,58.7
64.1,75.2,61.1,66.1,15.1,67.6,65.7
31.4,58.4,37.7,44.3,5.2,34.8,30.0
72.2,79.0,60.1,51.0,8.1,54.9,64.5
68.3,42.6,50.3,46.5,7.3,76.1,53.4
52.6,53.9,55.1,35.6,6.1,54.4,45.9
57.6,52.5,43.6,38.7,9.1,49.1,43.9
45.3,70.8,50.6,41.4,7.8,40.0,49.3
58.9,75.8,62.7,55.2,10.9,47.9,56.7
43.5,71.9,54.7,53.7,13.6,44.6,51.6
63.7,60.9,57.1,55.1,4.6,54.3,55.6
59.6,28.9,39.0,50.1,8.4,64.6,45.4
45.7,68.5,49.9,49.4,8.0,37.3,51.0
90.3,79.0,72.9,63.7,8.9,93.9,83.2
58.9,98.0,71.3,54.6,8.1,65.8,71.8
93.0,62.1,74.3,72.6,5.3,99.4,73.2
61.2,58.7,59.1,58.2,15.7,68.8,61.1
86.3,72.5,71.6,65.5,19.0,59.7,72.0
85.6,64.4,72.6,74.1,10.4,71.5,71.1
89.3,85.9,81.5,65.9,10.7,72.8,76.9
79.7,56.7,56.0,43.2,8.7,92.3,61.8
64.9,64.5,61.8,70.1,12.6,59.1,60.8
83.2,80.3,66.1,51.2,2.7,73.0,64.0
88.0,72.3,75.3,71.5,8.2,89.1,76.5
68.2,84.3,65.7,48.3,6.3,78.5,62.4
69.3,61.9,52.8,56.9,8.7,84.2,54.7
53.4,85.7,65.9,52.0,13.4,61.4,60.4
88.0,44.7,66.1,65.2,8.2,85.8,65.1
31.3,45.3,43.1,34.2,6.9,47.3,47.3
68.6,85.9,66.2,61.5,4.3,46.0,60.9
53.8,68.1,50.6,41.9,7.8,88.4,55.8
76.0,80.9,79.8,66.8,11.1,62.3,72.2
65.2,69.4,64.9,45.6,5.6,36.5,60.5
56.6,67.9,57.1,50.3,3.3,58.9,56.1
66.6,49.4,54.7,85.0,22.7,80.0,67.4
66.0,67.6,59.1,63.0,9.5,88.1,62.7
81.7,87.1,70.5,70.9,7.4,85.3,69.7
78.5,68.8,76.5,67.2,15.3,83.8,68.7
89.8,77.5,69.4,80.6,8.7,65.4,73.2
61.3,77.2,72.5,57.2,14.9,42.1,66.1
73.6,53.8,58.5,59.0,14.3,89.0,59.5
78.1,80.0,65.3,70.5,4.6,91.6,75.5
55.3,63.6,59.3,51.8,10.0,48.4,58.1
93.3,64.4,78.3,86.4,17.7,80.0,69.6
74.2,97.4,69.2,61.8,5.2,57.7,69.1
85.5,76.4,70.9,67.8,5.2,89.0,66.6
73.6,59.1,67.2,69.4,5.7,54.9,67.9
29.1,68.9,46.1,43.1,12.2,30.9,37.9
89.3,68.5,76.3,60.9,9.3,79.5,71.6
63.0,91.6,61.1,40.1,3.4,59.9,60.6
91.5,68.6,65.0,75.4,9.5,92.8,73.6
72.8,98.0,71.4,41.6,7.3,47.9,68.1
88.2,49.8,55.4,68.3,7.8,61.0,67.0
97.8,67.5,73.0,73.3,5.6,82.0,74.9
64.6,57.3,57.1,61.6,9.6,61.3,50.3
71.3,61.1,58.1,62.4,13.1,60.0,65.2
76.7,61.4,69.2,58.2,6.1,68.2,62.8
74.0,58.0,57.4,55.5,3.8,62.1,61.2
51.0,92.2,68.6,53.6,7.1,59.0,61.9
77.4,87.9,76.9,57.2,11.5,54.7,67.3
73.3,73.6,70.4,46.6,6.8,90.7,60.0
77.3,61.4,56.9,67.7,4.2,73.6,63.9
91.0,58.4,60.4,73.7,11.5,64.5,68.5
70.6,78.4,74.8,53.3,15.4,47.3,65.0
58.0,72.2,62.7,58.9,8.2,49.7,49.5
98.7,66.0,71.6,70.0,4.0,81.8,74.0
37.6,75.6,48.7,30.4,7.1,43.1,39.7
86.2,80.5,69.1,51.6,8.7,72.2,76.0
72.8,65.8,64.0,52.8,5.7,74.0,55.3
89.5,57.0,59.6,68.8,10.6,74.6,64.5
88.4,49.5,61.1,56.5,5.4,61.7,59.6
55.6,71.5,61.4,47.2,8.3,55.2,57.7
79.8,98.0,82.1,68.7,7.4,78.7,78.2
62.1,52.5,55.3,66.6,10.8,45.4,55.3
42.2,83.4,57.5,47.4,8.1,68.4,54.7
51.3,58.5,56.0,47.5,7.5,69.4,51.0
77.2,61.4,63.6,59.3,5.7,79.5,59.2
85.7,80.8,83.0,74.9,8.3,63.1,75.2
80.3,64.4,55.3,57.4,7.3,89.3,55.3
59.9,71.5,62.1,50.4,5.5,58.6,58.4
50.3,71.2,51.9,49.1,8.8,56.7,53.0
54.0,58.6,50.9,45.8,9.6,59.0,53.7
83.1,80.5,78.6,67.7,7.0,58.1,70.3
95.0,67.1,67.5,67.9,12.4,98.8,73.9
90.7,48.6,70.7,61.4,9.2,83.1,66.6
86.7,55.5,69.5,75.9,4.6,45.8,63.2
74.1,24.4,50.7,62.1,14.9,47.4,51.5
96.7,68.7,70.1,74.3,11.5,76.3,67.9
46.2,86.3,59.7,44.8,12.8,58.3,63.4
79.6,53.3,60.7,73.1,9.8,58.3,59.4
86.5,76.2,62.9,56.7,2.9,66.8,63.9
47.6,74.0,60.3,40.5,13.4,50.7,51.7
72.3,57.5,54.4,47.0,8.4,64.9,52.6
69.3,89.5,69.3,55.6,9.6,49.9,72.4
68.2,64.2,58.9,53.7,10.4,55.9,58.7
51.4,96.1,70.0,60.9,19.5,52.2,67.7
93.4,45.1,62.0,59.7,6.4,60.7,58.6
67.9,64.2,54.9,49.9,6.5,85.0,57.2
59.7,65.9,61.0,53.7,5.6,62.3,58.9
64.4,67.4,55.3,52.3,5.0,74.8,57.3
71.8,78.0,63.5,48.1,5.1,57.8,61.8
83.8,98.0,71.8,62.2,3.5,75.0,69.7
84.9,74.4,74.1,58.1,9.9,80.7,68.8
87.5,68.3,81.4,84.0,20.0,78.1,78.2
96.6,52.7,72.6,70.9,20.6,70.3,71.2
81.5,41.5,55.4,60.9,5.6,84.8,54.7
93.8,84.4,77.0,67.2,7.2,83.7,73.7
67.1,60.3,54.1,66.6,14.2,59.9,60.7
70.3,98.0,67.3,52.9,9.9,57.8,70.1
72.0,80.2,71.3,60.5,8.7,69.3,70.7
83.2,72.8,65.2,50.4,7.3,91.7,66.3
57.1,73.5,55.3,57.3,13.9,60.9,51.9
85.9,73.7,61.5,56.6,5.0,75.3,72.9
66.3,58.3,59.3,53.4,10.1,64.4,57.0
69.5,43.5,58.4,69.2,9.5,64.2,54.7
62.4,60.3,46.5,42.7,8.3,69.9,51.3
63.0,67.7,61.2,58.1,11.6,75.1,59.4
67.6,58.9,56.7,44.9,8.3,74.6,52.6
76.7,50.0,53.4,57.0,6.4,72.4,57.7
33.9,57.5,45.3,22.2,8.5,55.1,40.5
73.7,82.5,66.9,61.9,4.0,78.0,66.0
88.2,78.5,66.3,67.6,10.8,100.0,63.5
62.7,70.4,59.6,52.2,12.1,62.7,58.6
89.3,76.2,77.6,63.0,6.1,96.3,68.8
81.3,52.2,56.0,54.7,5.5,83.8,55.9
89.4,56.9,59.8,67.1,6.2,66.3,63.2
57.5,72.4,63.6,62.9,7.9,69.1,58.5
74.0,53.9,58.5,56.5,9.0,44.5,54.6
41.7,69.5,55.5,54.6,16.9,57.4,55.8
62.3,50.3,58.3,66.5,16.0,75.3,56.7
87.3,44.9,59.0,75.1,11.9,72.4,58.6
45.2,78.3,54.3,50.1,8.6,64.0,49.1
76.4,82.4,69.5,45.2,5.4,71.7,66.2
51.2,59.2,49.1,50.5,17.4,61.5,51.3
41.8,46.7,49.0,43.3,7.3,59.6,38.3
85.6,37.1,63.0,73.2,9.3,67.6,64.2
78.6,93.8,69.6,54.6,10.8,85.3,73.1
43.2,69.6,59.1,47.7,8.4,43.0,48.1
48.5,59.5,53.8,56.9,13.7,44.9,50.2
77.3,62.9,68.5,57.3,10.0,66.9,67.0
84.5,41.2,57.9,61.4,12.7,81.2,58.7
56.0,76.7,59.5,51.6,10.0,39.7,56.0
83.6,96.0,74.6,51.7,8.0,79.9,75.8
78.5,57.0,51.0,67.8,8.4,64.1,58.1
68.8,98.0,75.2,45.9,7.9,75.0,73.9
87.1,66.4,65.1,72.2,4.6,55.3,63.7
55.3,91.3,67.7,44.9,5.2,65.4,59.9
67.9,72.3,70.7,55.1,11.4,69.7,64.5
62.9,72.3,56.9,52.9,4.6,68.1,60.8
72.0,93.8,69.4,57.1,6.8,79.7,70.3
65.4,79.0,66.5,47.4,5.1,69.6,61.7
47.7,73.2,52.9,48.5,6.6,63.4,50.4
76.5,40.8,59.0,59.2,7.6,80.3,52.7
94.5,46.9,60.5,74.0,6.8,80.4,66.8
78.1,74.4,72.8,60.3,4.3,79.9,70.5
79.2,88.5,70.7,55.0,7.5,80.1,73.5
75.3,69.8,65.5,60.9,5.3,70.8,65.9
91.3,59.7,68.2,55.1,6.1,93.1,67.0
93.0,42.3,66.8,84.3,11.4,92.1,68.8
72.6,57.0,67.2,73.2,12.6,85.6,65.5
69.6,69.8,54.2,54.0,4.5,74.8,60.0
76.8,56.0,60.8,65.2,16.5,55.4,62.0
52.7,54.5,49.2,48.4,6.5,56.4,50.4
54.6,67.3,51.2,48.9,6.2,39.4,54.5
87.1,88.3,80.5,66.4,5.5,62.7,69.6
77.9,77.6,65.4,56.2,8.4,86.8,70.4
59.3,72.0,63.5,77.0,19.9,54.2,65.5
69.2,70.6,64.7,52.4,4.1,70.7,65.3
47.9,75.7,49.6,44.0,3.2,50.4,54.9
71.4,66.5,57.4,57.8,9.2,70.4,56.5
53.8,62.2,55.1,45.9,10.6,55.9,52.8
75.2,78.3,71.7,48.5,8.4,58.9,58.5
70.3,64.8,62.9,62.3,10.7,63.3,60.3
87.6,51.4,53.7,64.6,4.9,73.7,60.1
87.2,88.2,78.0,60.6,5.3,85.4,76.8
90.0,41.8,56.1,64.5,8.6,96.9,60.5
64.4,89.3,76.9,61.5,18.0,62.0,73.3
83.4,75.1,70.4,72.1,10.5,84.8,68.9
76.5,54.4,65.4,64.3,10.7,71.4,61.9
75.1,68.3,61.5,61.2,5.0,83.7,60.4
58.1,62.0,52.8,56.1,9.9,61.8,55.7
68.4,79.3,53.7,44.6,4.8,71.1,63.1
82.2,79.0,72.7,74.5,18.1,85.1,75.0
97.4,74.5,73.7,63.0,5.2,73.8,66.4
72.2,78.4,65.2,51.6,5.7,70.2,63.8
87.9,66.4,70.6,69.2,4.2,79.6,70.1
78.0,92.7,81.1,64.6,8.5,74.9,71.5
79.7,85.1,74.2,70.2,8.3,53.1,75.4
62.5,61.3,59.8,61.1,16.1,55.8,57.4
61.4,79.4,68.3,51.1,11.6,55.7,60.1
72.7,78.1,67.1,57.9,5.7,68.9,58.3
75.4,64.4,57.6,51.9,12.1,85.2,62.3
57.5,63.3,50.8,47.1,4.7,45.2,56.8
63.2,85.0,55.1,51.0,5.9,60.7,60.9
96.9,67.8,69.8,78.3,8.6,100.0,70.9
92.3,71.6,62.2,61.3,4.9,77.7,68.2
35.6,87.6,57.6,35.1,13.2,60.0,57.9
46.4,98.0,76.7,61.9,22.8,57.8,75.4
53.2,60.6,45.7,39.5,7.2,56.2,43.6
80.9,64.9,57.9,51.0,6.1,77.7,65.7
66.7,69.0,63.3,47.8,7.7,77.5,60.6
48.5,69.4,49.3,37.1,6.4,44.2,54.7
58.4,73.3,61.2,54.7,9.2,72.3,60.3
59.5,61.1,56.1,46.4,4.5,59.7,54.5
81.4,50.3,55.6,59.4,9.4,66.8,54.7
70.0,92.6,71.9,60.7,19.3,69.5,76.5
37.0,76.6,49.1,44.1,3.3,46.1,44.4
70.1,62.1,51.4,56.4,4.8,86.1,57.7
75.5,74.1,66.9,53.8,6.7,88.8,63.5
98.8,93.7,85.8,66.8,10.4,80.0,81.2
80.8,57.0,64.2,68.7,12.2,79.3,68.5
64.1,71.0,69.1,62.0,11.8,65.4,62.6
85.5,48.5,56.0,56.0,3.8,69.4,60.4
66.6,66.3,61.8,54.9,6.0,51.2,56.3
74.8,76.6,69.0,61.8,5.4,66.2,65.9
78.8,52.4,55.7,63.4,7.9,64.7,65.6
75.9,65.4,69.5,66.5,8.2,80.2,66.0
74.4,79.2,65.3,48.3,4.4,70.8,62.6
42.5,76.2,56.5,35.7,6.7,40.4,51.0
58.2,51.8,45.3,51.8,10.6,55.5,48.5
76.4,73.2,66.1,59.1,6.2,63.6,60.3
45.1,75.8,51.0,36.5,7.5,38.8,57.0
29.0,69.5,46.3,46.3,17.5,48.9,47.6
58.0,83.3,76.4,71.7,20.0,60.4,65.6
88.8,59.7,62.4,51.3,3.1,96.1,61.6
68.9,73.8,57.3,58.0,8.6,72.9,62.5
52.0,51.7,57.2,77.8,30.3,61.3,60.9
90.1,45.6,63.7,58.4,10.1,92.3,62.3
43.7,78.9,52.2,46.3,8.2,37.8,51.6
83.9,68.3,62.9,55.3,14.7,53.8,66.3
69.5,61.5,58.1,55.2,9.0,54.8,60.3
40.0,53.1,46.9,43.8,11.2,54.9,45.0
74.0,79.6,66.6,69.8,7.4,58.0,75.7
62.4,46.9,50.3,44.2,8.9,80.3,54.1
67.6,81.9,66.4,53.6,9.9,69.1,64.7
75.1,74.3,68.0,59.9,12.1,72.1,62.1
72.7,47.6,43.7,59.8,6.7,66.2,52.2
83.4,69.8,66.5,59.3,6.6,66.0,67.7
67.6,98.0,69.4,50.8,3.4,62.0,69.3
96.1,84.7,81.7,77.7,6.9,86.6,72.4
64.5,56.4,53.5,56.9,12.5,62.1,56.2
84.7,78.0,69.7,61.2,10.1,81.0,68.4
84.0,48.2,59.3,55.4,5.2,65.7,62.3
66.5,48.8,58.7,59.3,3.5,76.2,54.7
56.5,67.1,50.1,51.8,7.7,49.1,44.8
88.7,75.7,76.3,69.8,12.4,82.7,75.4
84.0,79.4,76.0,59.6,6.6,76.2,63.5
68.9,79.6,67.6,54.5,4.3,64.9,64.6
65.9,74.9,67.4,54.7,6.3,53.2,70.3
76.5,45.4,54.6,67.6,9.5,68.6,61.8
82.2,67.1,73.8,65.7,14.3,80.5,71.0
67.0,81.6,60.9,48.0,7.3,83.5,60.1
82.6,74.2,68.4,52.0,13.1,68.4,71.7
74.8,70.5,66.8,76.7,12.5,89.4,71.4
89.4,72.6,68.2,65.9,4.8,80.8,67.6
83.3,72.4,63.8,70.0,14.3,54.7,66.1
99.5,40.5,52.2,63.6,9.3,82.0,56.9
79.5,84.2,77.4,67.0,4.7,56.1,71.5
96.6,66.5,68.8,84.3,18.0,95.6,74.8
65.6,77.9,65.3,56.9,7.7,73.4,63.9
89.9,35.7,46.9,53.4,3.4,86.0,55.8
95.5,91.3,75.1,61.4,5.9,79.2,73.8
55.7,51.8,51.5,48.2,5.3,58.0,51.0
81.5,98.0,77.2,56.6,6.0,87.2,78.7
33.1,97.7,56.7,33.1,6.7,43.7,54.8
78.4,49.5,62.5,61.3,7.3,75.8,61.7
84.5,79.4,69.6,60.0,7.2,75.9,70.4
56.1,53.8,57.2,56.8,7.8,70.8,53.6
59.1,59.0,48.3,45.5,10.6,79.5,55.7
72.1,59.4,51.1,48.1,5.8,87.2,61.2
82.4,74.3,68.6,56.7,13.9,70.7,71.3
51.3,72.5,54.9,46.5,4.7,47.7,51.8
66.2,51.2,51.0,59.3,10.8,57.8,53.3
50.7,74.2,59.0,55.2,17.1,62.8,59.3
95.2,65.1,75.6,64.7,7.5,98.1,74.8
73.8,42.5,51.2,58.2,8.9,40.6,49.9
60.1,61.9,44.6,46.0,5.3,54.1,46.0
86.1,91.2,68.5,62.2,6.5,68.1,73.0
67.8,62.4,72.6,69.0,16.5,74.3,66.6
90.7,42.3,66.8,66.5,11.4,68.6,67.9
52.9,79.4,59.5,56.7,9.9,60.6,51.5
75.1,55.0,59.9,54.1,3.4,51.5,56.2
81.9,71.0,68.4,64.0,5.9,72.3,64.8
86.7,65.6,76.2,68.8,17.9,82.1,75.7
78.9,92.7,68.7,51.6,9.8,64.2,68.5
60.4,65.6,53.3,54.9,10.4,44.6,53.0
79.3,52.0,65.2,62.6,8.8,72.2,64.4
51.2,61.4,43.3,42.7,6.2,54.1,51.6
72.8,50.8,55.5,53.2,9.5,74.3,55.6
71.8,65.1,59.0,53.2,4.1,64.9,57.5
52.4,92.8,64.2,34.1,4.0,63.5,63.1
95.2,85.5,79.3,72.1,5.9,66.9,80.0
41.5,96.6,58.8,30.4,8.9,54.4,59.9
81.9,74.7,64.6,54.3,4.0,82.6,63.2
91.9,70.0,67.9,73.4,8.6,83.5,68.5
68.0,54.0,52.1,47.7,5.2,81.7,58.9
71.5,71.8,67.1,51.5,5.5,79.8,64.6
75.4,66.2,65.7,70.9,14.7,67.1,63.8
87.8,78.9,79.8,67.7,8.3,86.6,73.9
94.5,52.3,65.9,59.8,5.4,59.7,62.5
52.0,68.7,56.1,43.3,8.9,44.4,52.2
98.5,46.0,59.5,56.1,4.2,76.2,59.0
85.0,72.7,66.4,60.9,9.7,64.9,71.2
83.5,77.5,82.1,75.9,13.4,71.4,77.4
67.4,45.3,55.3,53.2,11.0,58.6,60.9
74.0,49.2,60.4,68.5,21.6,58.1,66.6
82.7,49.9,63.7,52.2,3.4,80.0,58.7
45.2,65.5,52.5,38.5,8.6,36.5,53.3
74.7,48.4,46.3,48.9,4.5,84.7,53.1
83.0,87.3,74.7,74.5,7.6,57.5,81.5
73.2,74.1,70.3,67.0,8.2,72.7,65.7
91.4,76.4,87.9,87.4,22.8,78.2,84.9
34.8,45.8,49.7,41.6,7.9,30.3,38.7
96.8,86.1,79.7,70.8,7.9,69.6,75.7
71.2,77.1,70.9,63.8,12.8,76.5,67.2
87.3,58.4,60.5,58.3,8.0,81.2,67.0
93.3,46.4,63.9,83.1,18.6,87.9,70.0
56.6,66.9,46.7,38.8,11.0,46.4,42.2
62.3,61.5,58.0,50.1,11.9,49.4,56.1
68.8,62.1,61.3,46.6,3.5,60.7,52.3
65.0,58.1,65.3,70.5,20.0,46.1,61.2
56.6,78.1,58.2,40.3,6.1,69.4,60.5
78.6,31.6,53.4,48.1,8.1,85.1,46.9
79.4,88.0,85.9,60.4,6.1,77.5,69.7
43.4,82.0,52.3,44.8,5.2,51.2,46.7
59.0,70.9,44.3,39.6,4.8,69.6,49.8
86.0,66.0,68.2,61.5,8.6,82.5,60.9
74.9,83.2,70.7,46.3,3.4,51.5,57.9
57.9,67.4,48.0,44.2,7.3,60.4,51.2
73.6,64.1,68.9,70.9,13.1,75.3,67.6
56.8,83.9,61.1,46.3,10.9,48.2,56.4
55.1,97.3,70.5,55.4,9.9,69.4,68.5
93.1,54.4,58.8,59.3,5.5,100.0,63.4
84.6,73.9,64.5,64.6,4.0,81.8,68.4
88.7,52.8,62.8,84.1,13.1,76.0,63.7
58.0,75.0,61.7,48.0,6.7,53.3,64.2
78.1,57.1,55.9,52.5,7.9,55.2,52.8
62.2,85.0,67.4,58.4,7.5,61.2,62.0
67.0,66.6,60.4,53.8,11.1,62.8,61.4
66.4,68.7,59.3,62.7,18.7,61.5,63.6
81.6,90.8,77.2,60.4,15.8,85.1,79.2
66.9,57.7,54.9,49.7,2.9,71.1,52.4
57.8,77.6,63.0,40.2,7.1,71.1,53.9
72.8,59.1,63.1,48.9,4.5,61.6,51.6
66.6,84.7,64.7,61.2,12.5,81.5,73.7
82.6,93.0,79.5,69.5,8.2,60.3,74.0
59.8,64.3,47.1,53.7,10.7,58.8,53.2
51.7,37.3,45.4,47.2,6.8,71.7,50.4
71.0,58.4,61.3,52.2,5.1,66.0,55.2
96.3,98.0,70.0,62.6,5.5,68.4,75.2
61.4,59.7,50.3,42.5,4.1,50.0,46.1
72.8,92.8,67.4,56.8,4.6,70.0,63.0
57.7,59.5,50.4,48.7,4.2,62.5,57.3
81.0,59.2,58.4,57.8,5.1,81.3,66.7
89.7,78.9,73.5,69.8,5.0,99.4,76.7
90.1,77.2,78.0,66.0,9.8,91.3,77.8
92.7,79.9,73.6,63.9,9.6,93.2,76.8
83.6,68.1,63.9,68.0,9.7,88.0,64.8
72.7,82.5,69.4,60.2,13.9,60.4,69.4
69.8,81.5,64.5,50.6,7.9,80.1,62.5
71.2,84.1,67.1,55.5,5.7,66.9,56.0
77.4,59.3,63.7,70.3,22.1,77.3,71.4
66.5,82.5,69.2,58.0,12.3,39.7,67.0
87.2,60.7,72.5,70.2,8.7,80.3,63.6
52.2,65.8,48.2,48.9,8.5,54.3,50.0
50.7,65.5,56.6,54.3,9.3,57.6,58.0
85.2,54.0,64.1,53.8,7.5,85.5,62.0
91.9,43.7,59.8,72.8,8.7,64.8,55.4
76.7,85.1,78.0,64.0,10.2,77.5,68.3
76.8,58.2,58.9,57.0,5.9,74.4,65.3
88.7,64.2,60.5,61.3,3.9,58.8,62.4
78.7,57.8,52.9,55.7,3.2,64.9,59.7
75.1,64.4,69.3,71.9,12.2,71.3,73.0
51.1,60.9,52.7,44.6,4.0,53.4,47.4
79.1,85.9,82.7,75.1,10.1,88.1,77.9
66.0,59.7,59.7,58.8,4.9,91.2,51.3
94.8,92.0,80.6,72.7,4.9,56.6,74.7
50.1,83.9,62.8,52.9,5.9,34.5,59.5
58.2,61.4,55.2,53.2,8.9,54.1,53.3
61.4,72.5,56.2,45.6,4.6,66.0,57.3
50.3,75.3,53.8,47.5,6.2,36.9,55.8
86.3,79.8,66.8,73.7,8.1,86.8,73.6
75.9,81.2,66.7,68.0,4.7,73.1,68.3
41.2,70.6,51.6,36.1,15.5,39.4,51.0
72.4,54.6,40.9,42.5,3.8,78.4,47.9
50.1,77.0,55.7,51.7,7.4,46.1,51.7
84.4,64.7,73.4,72.4,14.5,83.9,75.8
44.6,29.0,38.9,34.0,4.5,51.3,38.0
79.9,73.5,63.0,50.6,7.8,62.5,60.2
65.0,57.7,53.5,56.5,8.7,40.8,53.9
61.8,61.6,52.3,54.9,5.7,44.9,47.9
70.9,68.1,57.3,46.7,7.9,55.6,55.8
92.1,46.2,68.0,70.5,10.5,81.6,67.2
46.4,69.9,60.2,46.6,6.6,37.6,53.2
57.6,63.6,49.4,57.1,11.5,48.8,54.3
82.1,55.7,58.0,61.3,9.7,56.7,56.7
77.4,68.6,55.8,59.6,6.3,80.3,57.6
39.4,44.3,42.6,49.0,13.6,33.2,45.9
73.5,69.1,59.3,52.0,5.9,72.2,65.8
74.3,74.6,70.2,67.3,12.0,67.3,69.9
67.4,72.3,65.6,59.9,5.9,51.9,60.4
86.9,79.0,73.4,57.4,7.1,90.4,75.1
68.8,84.3,59.5,53.1,7.6,85.0,61.0
89.4,66.9,68.7,64.3,9.5,63.1,71.1
66.1,83.3,53.3,35.3,2.8,83.2,55.3
55.3,66.8,61.1,37.3,10.0,69.3,53.1
84.0,58.2,61.6,63.8,7.8,71.7,61.2
78.0,62.5,56.3,58.5,9.3,73.0,60.2
78.3,71.7,65.7,67.0,10.2,82.1,70.5
84.9,83.2,76.2,70.3,9.7,58.2,68.3
70.4,68.0,62.6,51.0,3.3,62.9,56.3
89.0,58.6,69.7,62.3,5.1,63.1,64.8
60.7,88.2,65.8,48.0,9.5,70.5,65.8
71.4,47.9,51.2,49.4,8.9,85.0,47.8
74.2,58.7,60.7,52.2,5.7,78.4,55.6
79.1,80.5,74.8,65.5,11.4,82.4,65.9
38.9,92.7,59.5,41.9,7.3,64.2,54.5
96.1,74.7,79.0,67.9,12.2,93.1,74.8
73.9,71.5,65.5,69.7,14.1,76.9,69.3
68.9,63.9,59.9,57.3,9.3,78.9,52.1
39.8,75.7,41.7,30.2,10.5,36.9,48.4
77.1,69.8,67.9,45.0,6.2,75.5,60.5
31.9,57.4,42.4,45.1,12.2,38.0,42.1
58.8,63.7,61.5,49.1,9.0,70.6,60.1
59.9,55.9,51.2,60.3,7.2,69.1,58.2
61.4,68.2,58.8,52.7,4.7,72.6,54.6
83.7,70.3,67.9,63.9,6.6,88.7,65.1
74.5,90.9,69.8,62.8,5.0,58.2,67.1
62.2,59.6,60.8,66.0,11.5,36.6,55.2
47.3,65.5,61.8,60.7,14.1,31.0,50.8
50.0,85.6,70.4,50.0,12.3,55.8,62.4
84.4,93.3,89.6,86.8,25.0,79.0,84.6
79.5,74.6,62.3,61.7,6.6,60.5,64.5
64.0,64.5,49.5,41.0,10.7,55.2,59.2
96.9,61.4,74.7,74.0,4.8,95.2,70.8
77.6,42.2,48.4,54.3,7.5,60.5,49.2
70.2,55.0,55.1,41.0,4.2,78.1,52.2
62.0,69.4,60.0,51.9,10.5,77.9,60.0
86.2,65.5,73.2,67.4,7.0,71.2,67.2
66.4,76.7,65.1,57.1,3.2,64.1,59.3
82.2,65.3,65.9,68.7,6.0,81.0,59.8
78.5,57.8,72.5,60.1,18.3,70.8,68.8
83.8,72.8,71.8,57.0,9.8,68.0,64.6
50.7,98.0,71.6,58.9,11.5,44.4,71.4
63.3,63.6,53.3,49.2,8.6,63.0,53.6
56.4,69.9,53.0,56.6,7.5,55.9,53.4
40.3,79.9,53.0,40.2,8.2,38.2,49.3
85.3,60.0,57.6,62.6,9.1,63.8,62.3
62.2,85.8,62.0,45.9,5.0,66.0,57.6
70.9,45.9,57.4,56.6,11.5,77.8,53.9
69.3,62.3,67.7,70.8,13.5,78.8,67.4
86.4,63.6,64.0,61.6,7.5,90.1,61.9
47.4,70.1,66.1,45.2,6.5,61.9,57.2
55.3,40.4,49.4,47.4,5.8,68.4,49.1
67.6,86.9,71.7,61.4,18.0,62.7,72.9
81.6,73.8,72.8,60.1,6.7,69.2,68.2
83.8,83.7,72.3,67.5,11.0,87.0,67.1
61.7,90.6,67.2,47.0,7.5,73.1,60.1
98.2,57.6,65.9,65.7,7.3,76.0,61.9
60.2,33.1,38.7,57.2,5.8,55.0,42.0
55.1,84.0,64.3,52.0,5.3,61.0,60.2
94.3,64.0,70.6,69.7,11.4,83.6,66.7
84.5,52.1,60.9,65.5,5.2,61.0,59.2
87.4,76.1,71.9,64.4,10.1,82.6,73.7
57.4,98.0,63.3,44.0,8.5,62.3,59.9
92.5,66.5,80.4,80.1,11.5,90.1,72.7
65.5,81.3,65.2,51.6,6.2,86.9,67.7
67.7,54.2,58.0,69.6,13.3,58.1,55.8
71.1,44.4,45.5,52.1,7.7,65.9,51.5
48.4,80.8,75.4,78.8,26.2,54.6,75.2
94.5,75.6,75.1,56.8,3.9,78.9,66.1
82.1,61.5,72.7,87.1,24.4,85.6,71.1
45.0,91.9,55.5,45.7,7.7,58.2,56.4
55.6,43.3,54.8,55.4,9.0,45.5,49.3
41.9,50.8,41.0,41.2,6.2,21.8,37.9
63.8,60.4,50.3,45.2,4.0,59.2,58.2
84.4,63.0,64.3,61.9,6.4,85.6,66.3
57.3,88.5,64.9,44.6,6.9,65.1,58.5
73.2,68.7,64.5,68.1,8.9,61.9,59.0
48.2,65.3,37.9,45.9,13.5,49.5,48.2
78.5,50.2,57.3,51.6,8.9,76.4,58.7
38.0,83.2,58.3,36.2,9.0,60.7,60.1
83.7,52.1,56.1,59.0,9.7,66.8,59.3
95.6,50.2,68.7,60.0,3.7,81.3,62.7
82.7,62.4,66.3,58.0,3.9,74.4,59.0
72.3,70.3,65.1,60.5,4.2,74.9,63.7
47.5,57.9,45.7,55.5,6.9,47.9,51.5
92.3,77.9,74.5,67.6,3.5,90.2,66.1
95.1,64.0,70.9,68.3,6.0,84.8,69.6
65.9,82.7,64.4,53.9,4.4,83.3,59.8
47.2,75.1,58.9,40.6,10.2,59.4,50.0
74.8,93.1,73.2,63.1,9.9,71.3,78.1
80.7,61.8,60.0,52.4,7.1,82.3,64.0
78.8,79.8,65.6,60.9,3.5,58.9,62.8
89.5,43.0,58.6,73.6,7.3,73.9,60.1
50.1,98.0,65.7,48.7,9.5,57.3,62.1
64.6,79.1,63.5,52.1,11.8,57.3,58.5
94.5,63.9,72.5,75.8,18.0,81.2,72.2
58.3,64.4,61.2,52.0,13.5,36.5,59.2
60.5,64.5,62.8,49.3,8.8,59.5,54.9
50.8,93.8,57.3,42.4,7.2,55.9,60.1
84.3,80.6,76.8,55.9,5.8,62.9,67.3
65.6,61.8,62.9,58.4,15.0,80.2,57.6
31.2,50.7,31.9,20.6,8.8,49.8,39.1
92.0,84.7,76.0,66.6,10.8,78.5,68.2
64.6,79.7,65.4,56.3,6.3,79.7,69.6
75.1,77.9,56.9,47.3,4.7,85.6,64.9
74.2,66.8,61.6,56.5,6.8,60.7,61.0
60.4,63.8,58.9,55.5,7.1,70.6,55.2
91.4,91.6,76.9,70.1,8.9,71.0,75.5
90.1,92.9,71.4,61.9,5.9,77.6,74.4
66.1,77.0,64.1,52.4,8.3,73.1,63.0
72.4,81.6,78.5,53.9,13.9,74.1,67.0
71.3,71.3,55.1,37.1,3.8,54.4,55.2
73.6,48.8,48.8,47.5,3.1,65.7,51.6
70.6,54.3,56.3,53.5,14.3,74.2,56.9
67.4,84.0,70.6,43.4,4.2,68.6,70.9
77.7,85.8,62.6,53.3,6.9,79.4,65.9
85.9,82.8,77.2,60.8,10.7,77.0,67.1
75.8,72.8,61.7,50.0,8.0,58.8,57.8
93.6,83.3,75.8,70.7,7.9,72.7,77.4
64.7,67.2,55.4,57.5,8.4,66.3,55.4
87.8,76.7,79.1,84.2,25.4,88.8,77.9
72.6,65.1,61.0,65.0,18.2,57.0,68.9
71.2,53.2,50.7,44.8,6.0,55.4,52.1
84.4,80.1,63.4,69.1,13.1,70.2,68.2
84.8,85.9,67.5,64.6,10.3,71.6,61.6
91.0,98.0,83.5,67.4,8.1,75.2,81.7
81.7,71.7,73.4,65.9,5.4,76.4,68.1
85.5,53.3,77.8,68.7,10.0,76.6,72.1
84.1,63.4,70.1,67.8,7.1,81.0,63.0
95.0,66.1,70.0,78.4,6.9,61.0,68.6
82.7,70.1,54.1,43.9,5.8,62.3,59.8
78.9,74.6,72.1,64.8,12.8,76.2,74.2
64.1,73.1,50.1,33.7,5.8,72.4,54.7
66.9,78.9,60.5,55.2,5.8,66.2,58.8
55.4,70.8,62.1,51.5,11.6,64.1,63.1
73.8,36.8,51.7,57.9,7.7,74.3,51.0
41.3,71.2,47.0,42.0,7.7,29.2,47.9
88.2,69.2,64.0,71.2,13.0,88.3,72.7
65.3,75.7,65.6,55.4,14.7,71.6,70.0
66.9,62.9,57.7,51.0,3.1,83.1,57.7
37.5,71.1,57.0,42.8,7.7,56.8,59.9
84.8,75.8,57.9,61.5,4.3,95.4,65.4
81.1,65.8,65.5,63.2,6.9,67.0,65.0
74.6,77.5,71.0,57.2,8.1,75.2,64.5
73.0,69.0,61.2,59.4,7.0,93.8,64.1
84.1,70.2,59.5,60.5,5.1,87.3,65.3
25.0,27.1,21.7,31.2,5.0,43.0,29.3
70.0,52.0,54.4,47.9,11.3,49.6,55.2
87.6,52.0,64.5,77.4,16.3,82.4,65.8
45.6,71.0,54.0,48.6,3.2,56.7,52.1
47.9,85.8,63.8,38.1,7.0,52.6,54.6
80.9,66.3,64.7,64.1,11.4,66.3,67.2
56.1,79.9,65.6,46.5,8.0,50.5,57.1
80.1,77.1,65.6,50.3,4.9,60.4,58.6
52.6,70.0,58.0,55.4,6.6,61.3,51.7
74.2,76.0,65.7,56.0,9.4,73.0,60.9
62.9,71.4,61.7,54.1,7.1,67.0,57.5
76.6,66.0,65.7,59.4,8.0,65.3,59.8
54.2,73.5,60.0,47.2,8.1,35.6,54.9
82.2,88.3,75.2,68.0,6.4,82.8,72.0
51.8,74.6,45.2,59.5,11.8,60.4,57.2
71.5,71.1,65.6,56.9,6.6,74.9,64.0
60.1,55.7,41.6,44.4,5.2,71.7,47.0
90.4,87.8,79.9,74.0,22.3,81.1,86.0
79.2,48.3,45.3,55.1,7.9,67.2,50.2
64.9,44.1,55.9,52.6,2.5,66.9,53.9
95.4,73.2,79.1,78.4,14.4,72.0,77.4
58.4,55.7,52.6,53.6,14.3,77.5,53.8
74.3,83.2,76.9,62.0,10.0,74.9,74.8
57.9,44.4,52.5,61.0,10.9,44.6,52.5
54.6,81.5,67.6,63.3,21.6,58.3,62.9
44.9,79.5,54.5,30.6,5.3,41.5,51.4
96.8,69.7,71.0,68.0,8.7,83.5,72.9
73.6,38.6,51.5,73.0,19.8,68.1,61.5
57.9,43.9,57.6,64.5,21.8,69.2,59.1
72.3,71.4,62.1,52.5,6.9,67.2,63.3
71.5,64.7,56.4,59.8,20.2,78.4,62.1
91.7,78.2,78.0,69.9,11.7,86.4,75.1
44.1,67.0,53.7,47.1,16.0,52.4,52.3
62.9,65.8,67.8,60.4,11.5,80.4,57.1
66.8,34.0,46.6,46.8,9.4,80.2,52.4
85.4,79.5,72.7,75.3,22.1,87.4,73.5
37.6,58.9,37.1,43.6,6.4,37.0,42.4
79.9,62.4,71.8,61.8,19.2,60.6,66.5
94.6,53.0,72.0,87.8,20.6,77.2,73.0
43.1,46.4,40.6,46.1,15.1,41.3,46.1
92.1,88.6,76.8,75.0,7.9,67.9,73.7
96.7,79.1,84.2,77.2,9.1,88.4,80.7
68.6,79.4,68.1,62.4,4.6,75.3,66.6
93.0,65.0,73.6,65.4,6.7,83.1,66.8
87.6,43.7,63.0,77.4,10.8,84.4,67.1
80.0,97.4,71.0,53.7,4.3,53.7,74.2
85.7,73.9,78.3,66.0,7.1,88.3,78.9
44.6,69.9,58.4,69.6,19.6,69.5,59.8
57.9,63.0,56.8,43.6,7.6,61.1,54.0
84.4,39.4,63.4,70.9,13.0,85.6,63.0
49.7,84.0,61.3,50.9,10.5,39.2,60.7
59.3,53.2,46.7,54.4,7.1,67.4,56.7
61.7,75.7,59.6,59.7,7.6,44.2,60.8
85.1,78.8,74.4,60.4,8.8,72.3,72.3
88.6,72.7,69.1,51.0,3.2,69.6,61.4
82.0,74.6,78.0,72.9,12.5,67.1,79.7
31.0,86.8,58.4,36.5,7.7,51.9,50.6
73.1,56.9,57.0,67.0,12.7,66.0,51.0
71.6,70.3,69.0,52.4,9.7,61.9,55.0
96.9,64.8,67.5,76.1,7.6,94.1,72.3
78.3,42.2,58.5,66.0,8.9,72.1,53.0
80.1,72.0,77.7,58.5,8.9,62.4,68.2
71.6,85.5,75.7,73.1,15.9,56.8,67.6
89.1,87.3,69.5,68.7,8.4,93.0,75.4
80.8,94.0,73.2,52.7,9.3,68.7,73.6
72.0,43.2,59.9,50.6,4.6,72.7,53.9
82.6,90.8,75.0,64.1,8.0,87.2,71.7
76.0,70.6,76.2,76.4,15.7,63.0,74.3
94.7,90.4,76.4,68.1,9.9,78.9,76.1
82.7,62.5,60.3,54.4,5.0,82.1,60.5
67.0,60.6,54.2,47.8,5.3,54.4,51.7
82.9,51.0,67.4,59.7,5.8,71.0,59.9
62.4,78.9,64.1,59.9,12.8,44.6,69.3
68.6,75.2,58.0,64.2,12.1,66.0,63.3
87.5,52.4,71.9,67.9,1.7,67.8,58.6
81.1,37.7,52.6,50.8,7.9,91.7,50.7
70.6,73.8,66.7,54.4,8.7,75.2,62.8
52.5,75.4,47.6,38.0,5.3,57.6,48.2
77.8,54.2,59.8,59.4,6.9,52.1,61.0
68.6,51.4,56.9,59.9,14.9,48.4,51.7
65.7,77.2,59.0,51.5,9.8,80.0,61.3
92.8,94.0,84.7,73.0,6.5,76.6,83.2
47.7,61.1,39.9,34.7,7.5,44.7,41.9
62.0,55.7,47.4,45.3,7.4,62.5,51.8
91.7,72.2,76.0,59.4,9.3,81.3,71.2
61.5,76.9,55.4,41.7,4.3,79.5,56.6
54.9,62.9,49.1,40.9,6.0,31.3,49.8
63.5,96.4,72.3,55.3,13.0,68.8,63.5
88.6,80.6,72.9,68.9,7.9,83.0,77.1
76.3,62.7,62.8,51.6,5.6,76.1,53.3
63.6,45.7,51.4,59.2,5.7,65.5,55.1
75.0,86.5,63.9,53.8,11.3,71.2,68.8
89.5,84.7,71.6,62.9,6.5,88.2,74.3
62.9,63.8,52.0,44.3,10.3,75.0,60.7
59.3,72.9,55.7,46.5,6.2,72.7,60.4
80.8,65.9,65.0,63.2,4.9,74.6,66.5
67.8,75.3,64.1,49.9,9.1,79.1,61.5
56.4,53.7,40.2,52.5,7.8,51.6,46.1
66.4,51.7,61.1,65.4,11.1,48.8,60.1
54.8,79.4,62.7,59.5,12.2,74.5,64.1
80.3,81.1,63.7,52.5,7.0,60.6,65.9
77.1,61.1,66.2,59.8,9.6,56.9,61.8
93.8,57.5,56.3,64.3,6.9,79.5,61.7
85.9,84.1,69.9,74.4,10.9,90.3,69.7
58.8,58.0,63.5,54.1,9.1,45.6,57.4
51.5,68.8,51.8,32.9,6.2,66.5,49.7
53.5,67.0,50.4,46.7,5.9,42.8,49.7
66.7,47.5,53.2,57.1,9.2,41.7,45.6
86.3,70.7,69.2,62.2,13.8,82.0,70.2
95.9,69.3,74.0,71.5,12.3,62.5,67.7
72.8,73.0,64.3,48.7,5.3,90.3,60.9
55.0,70.2,53.2,40.3,5.6,67.7,55.5
81.7,97.9,79.6,64.0,6.0,79.2,75.9
86.1,84.3,71.6,56.2,6.2,69.8,69.3
92.2,68.5,65.2,64.4,3.6,75.9,63.9
69.5,69.8,57.8,55.5,11.7,44.3,57.6
31.2,92.7,61.7,38.3,6.7,35.1,59.0
28.4,80.1,54.2,41.2,10.1,43.8,52.7
55.4,50.8,51.6,41.2,7.1,74.0,47.3
69.6,81.3,64.7,46.3,8.1,45.7,61.2
90.2,85.4,78.7,75.0,6.0,75.1,76.6
62.5,90.6,66.3,50.3,8.1,74.5,66.5
89.3,62.4,69.8,57.5,5.5,75.5,65.1
81.5,61.4,62.2,63.7,8.1,92.7,57.9
63.2,54.8,54.1,68.5,15.7,74.6,58.7
82.7,72.3,73.7,75.2,10.3,75.5,70.9
77.3,78.3,69.0,64.2,9.3,70.2,75.2
88.1,60.8,66.1,65.4,4.5,92.4,74.9
75.2,66.0,66.1,56.4,10.5,50.9,64.3
80.9,39.2,53.8,68.5,11.0,60.9,54.1
43.0,89.1,57.3,37.2,9.2,58.1,58.2
87.5,46.1,61.9,81.9,9.0,79.2,58.0
75.6,73.2,70.3,52.8,7.7,58.3,62.1
83.5,71.3,72.3,79.6,10.9,79.4,66.2
58.8,68.6,59.8,50.8,15.3,74.2,61.7
88.8,69.0,63.0,58.1,9.5,63.3,61.1
45.1,53.8,46.4,33.8,5.3,52.7,42.3
66.7,63.4,59.7,55.1,5.5,45.5,55.9
89.6,81.6,73.0,72.2,11.3,71.6,74.1
86.7,85.7,80.7,51.9,5.3,76.3,70.3
54.5,62.1,55.6,53.0,8.9,64.3,55.3
66.1,46.2,47.2,50.0,7.0,73.4,45.7
79.2,57.1,58.2,51.9,5.0,54.7,62.8
94.0,93.9,79.7,63.0,11.9,66.1,74.5
88.8,57.9,73.4,69.3,11.2,60.2,67.7
82.1,66.6,67.7,55.6,4.4,76.0,65.8
72.7,87.8,74.3,64.0,10.1,56.2,72.5
48.4,60.6,58.3,47.0,9.5,47.4,54.2
44.0,65.7,45.1,36.8,11.9,46.2,41.9
59.7,79.1,64.6,46.7,8.8,65.7,57.3
64.8,92.0,72.1,47.6,15.5,66.6,69.1
62.1,59.0,52.4,46.4,7.7,59.4,54.1
53.0,87.5,59.8,40.5,7.2,37.5,61.2
37.8,64.1,49.1,33.4,5.3,52.8,43.0
54.2,55.6,55.0,56.4,5.4,67.3,48.9
99.0,71.5,68.3,75.8,5.1,88.4,70.3
82.4,51.8,71.1,76.3,9.0,73.1,73.3
41.5,74.6,56.2,34.9,7.2,50.9,55.8
92.0,98.0,81.2,66.3,9.5,82.1,79.2
55.0,83.5,57.6,50.6,4.7,50.9,61.7
47.3,66.5,55.1,39.5,5.6,55.7,48.0
27.6,82.7,52.9,39.7,5.5,37.6,51.5
90.9,55.0,73.7,79.2,21.7,70.1,67.8
85.8,57.3,64.9,58.7,7.6,99.3,65.5
73.9,66.9,68.3,59.7,7.9,66.5,66.8
89.8,69.2,72.7,61.5,7.9,71.8,67.5
55.0,49.9,48.7,52.7,16.4,63.9,53.9
67.5,63.7,55.4,56.6,4.0,75.5,54.8
77.9,66.0,64.3,54.8,7.9,57.4,62.6
78.7,89.6,81.3,53.0,3.9,59.2,68.5
63.7,49.9,47.7,42.8,2.8,84.2,51.8
92.0,48.6,64.1,69.6,5.9,78.7,58.7
59.5,70.5,62.9,51.7,9.8,59.8,55.2
94.1,84.1,73.8,62.1,5.7,70.6,77.2
88.1,75.7,74.6,59.4,9.8,74.5,62.1
85.8,72.2,69.1,61.3,8.6,79.3,66.0
36.8,64.0,53.5,46.6,7.7,47.7,47.6
57.5,77.5,58.4,54.3,14.4,63.2,62.0
55.8,79.6,72.1,57.7,6.2,39.2,59.4
64.1,64.4,58.4,61.9,9.7,40.4,53.5
76.4,54.7,61.4,66.4,3.6,68.8,63.3
53.0,54.8,51.6,57.8,8.5,46.6,54.3
50.3,80.3,52.7,42.4,7.3,60.3,53.0
64.3,46.4,53.9,55.5,4.8,55.2,44.3
57.6,91.5,62.3,35.8,9.8,64.3,62.0
75.6,61.6,62.2,55.1,5.9,70.4,60.3
24.6,72.3,46.3,46.0,17.8,21.5,44.8
80.9,77.8,68.8,69.3,2.7,72.5,60.7
79.7,58.4,61.0,63.7,9.1,69.0,60.7
67.2,61.6,61.3,59.5,8.3,82.8,62.6
80.6,69.8,66.5,55.8,7.2,68.0,67.3
84.0,56.0,60.1,58.5,6.4,76.6,60.5
81.5,53.1,58.2,60.7,8.4,94.1,58.7
88.1,54.3,67.8,74.5,13.2,82.9,70.4
72.4,84.9,69.9,61.7,3.8,76.3,63.2
69.8,73.6,62.7,51.7,5.7,71.3,56.2
56.3,56.9,59.6,49.1,5.1,79.2,53.2
22.3,80.2,48.1,27.8,5.0,41.4,49.0
90.0,57.7,75.3,71.0,9.5,83.5,74.9
61.2,40.7,48.2,55.9,10.6,47.0,43.9
87.0,77.8,75.0,73.6,13.2,75.0,72.7
65.9,91.0,67.5,54.7,10.7,51.0,74.7
88.7,75.8,74.8,68.4,11.1,94.5,71.5
61.8,41.6,47.4,63.2,4.3,56.4,54.1
80.6,67.7,67.6,72.3,15.9,78.1,73.0
71.0,64.2,52.7,62.1,7.4,59.1,61.9
65.0,73.3,69.5,54.2,13.0,68.5,62.5
61.4,56.1,49.3,45.3,4.4,64.0,48.5
54.0,63.3,59.5,47.3,7.3,41.9,49.4
71.7,48.1,54.9,57.3,12.5,55.9,58.2
81.2,71.1,71.7,69.4,8.3,60.2,62.0
96.1,48.6,61.9,59.1,5.8,96.7,62.3
59.4,74.1,63.4,51.8,14.7,58.9,66.8
49.6,57.5,42.5,40.0,4.8,60.9,47.4
38.8,24.0,38.3,48.4,8.1,48.2,39.3
50.9,79.1,55.9,39.5,10.9,42.7,48.9
70.2,74.9,71.6,55.5,21.0,80.4,65.8
68.0,86.9,59.1,44.1,6.6,51.9,64.8
77.1,38.7,49.3,61.1,7.2,59.5,52.5
52.3,58.8,54.0,57.0,6.7,63.8,48.8
77.8,69.8,63.2,52.0,9.1,71.7,65.1
77.0,76.0,73.0,73.8,10.6,88.2,69.6
57.3,47.5,52.5,59.9,13.4,66.6,61.9
59.2,74.0,71.6,65.4,11.5,49.7,65.8
29.7,60.0,46.0,45.3,6.5,36.6,39.4
87.2,42.0,58.0,70.1,11.8,74.2,63.8
64.2,57.5,52.9,51.4,8.5,74.2,60.2
77.7,75.2,74.0,61.7,11.4,95.7,70.5
66.2,42.6,42.1,45.7,11.7,91.7,47.2
75.8,76.9,73.4,65.8,17.0,57.8,70.5
83.8,72.0,62.7,60.2,7.0,81.9,63.5
71.0,64.4,64.5,54.1,6.4,79.2,59.7
76.3,45.1,56.2,73.7,10.0,69.7,53.6
87.2,46.2,66.0,77.5,13.9,82.7,69.1
75.0,62.4,60.3,52.6,8.4,73.5,55.8
58.0,52.3,47.3,58.4,14.3,49.4,54.1
50.4,63.3,55.5,46.8,11.1,44.7,51.1
66.9,80.7,63.0,60.2,7.5,55.9,63.7
52.5,64.2,57.5,49.4,10.5,30.2,50.9
79.5,63.8,58.2,58.3,6.7,69.0,61.3
28.6,63.8,45.9,42.2,9.1,26.6,44.5
57.5,82.2,62.3,53.5,5.0,61.2,58.6
76.0,86.1,67.6,55.6,7.9,80.7,62.1
73.5,73.9,73.4,62.1,12.8,75.6,69.7
78.3,69.9,67.7,66.3,11.5,89.7,69.5
41.6,71.2,51.7,49.6,10.8,44.2,46.4
77.9,88.0,73.1,54.4,9.3,57.7,65.8
52.1,74.7,51.0,49.1,8.8,42.3,52.2
79.5,89.3,82.0,51.4,4.6,79.9,63.6
61.4,62.1,49.9,48.1,7.4,55.1,54.8
59.4,49.3,52.0,48.5,8.9,38.5,47.3
70.3,58.6,58.2,60.9,4.9,77.2,58.9
82.3,60.1,68.6,68.1,3.7,57.7,59.2
61.5,90.5,69.2,51.7,13.6,68.5,74.1
43.6,78.3,54.1,52.4,8.4,46.4,49.0
71.8,59.1,53.3,71.1,9.0,72.6,57.8
66.4,79.3,59.0,63.6,10.5,57.1,67.2
69.6,66.2,56.8,46.1,5.2,82.0,53.3
98.4,90.9,86.0,61.3,6.8,93.0,80.1
76.9,63.3,60.5,78.0,16.1,69.4,68.5
78.9,46.5,65.2,65.0,6.6,63.4,53.7
28.5,65.4,50.7,46.3,7.2,34.1,42.7
89.2,63.3,58.5,54.9,6.0,92.3,63.9
60.1,49.2,45.3,55.1,5.9,63.9,50.5
81.5,76.2,68.1,71.4,13.4,88.8,68.7
58.6,87.9,61.7,34.7,2.7,65.8,64.4
40.3,52.3,43.0,43.0,6.6,45.6,44.1
65.4,81.6,63.9,48.9,9.0,59.3,64.8
57.2,59.5,53.9,54.0,17.5,69.7,59.2
62.4,67.7,55.8,40.1,4.9,71.6,48.8
73.8,66.2,63.4,49.4,4.5,72.8,59.2
89.1,67.7,69.9,76.7,5.5,82.3,69.6
57.6,74.6,56.7,49.0,11.2,59.5,56.8
87.4,53.7,65.8,57.3,8.6,66.7,62.8
95.2,86.1,76.3,66.1,4.3,88.2,67.8
47.6,75.0,56.0,35.4,8.5,45.7,52.4
56.1,79.7,64.9,62.8,16.4,64.3,63.6
77.4,57.1,64.3,55.5,9.2,82.0,53.9
73.0,52.4,63.9,66.2,8.8,86.3,62.5
84.2,84.6,82.1,77.0,9.0,97.8,73.7
60.5,51.8,49.6,54.0,9.8,69.5,50.8
82.4,70.1,62.3,54.7,4.6,80.6,62.3
84.4,82.3,77.0,65.0,7.4,72.4,65.7
60.7,66.2,53.0,33.7,7.5,67.0,46.4
88.8,84.4,76.4,72.5,6.6,81.0,76.6
60.3,64.2,53.0,47.8,11.1,58.0,52.5
91.7,50.1,70.0,73.0,6.1,85.4,64.6
82.2,73.2,71.0,53.4,6.9,70.5,66.3
94.0,70.8,67.9,54.1,4.6,85.1,61.2
83.3,98.0,77.4,68.5,9.7,67.6,75.1
52.0,54.8,48.0,52.3,12.5,60.4,50.3
97.4,64.5,71.8,72.3,6.9,69.8,76.3
81.8,57.8,65.2,64.3,11.7,85.3,61.7
90.0,66.0,63.6,60.8,7.6,79.9,68.7
47.2,65.4,43.5,40.8,2.6,46.8,45.5
48.6,55.8,49.8,52.7,8.0,66.3,45.8
80.7,74.6,71.2,56.9,7.5,54.3,63.6
34.8,65.0,47.2,41.7,8.6,31.8,48.0
80.9,86.8,73.3,65.7,9.2,61.3,74.2
59.9,58.9,46.1,40.5,6.0,61.0,47.2
83.7,94.1,78.7,74.5,15.8,94.1,81.6
74.8,71.9,70.3,65.6,7.9,52.5,61.5
78.7,85.8,65.9,58.5,7.5,51.8,66.1
48.6,69.6,61.2,39.7,11.4,55.5,52.9
94.3,57.1,68.4,74.1,8.2,70.8,70.9
95.6,64.3,71.1,86.8,25.9,73.6,79.2
66.1,48.6,53.2,49.3,7.4,64.1,49.3
82.2,66.4,67.1,57.5,9.6,50.9,61.7
48.0,70.4,50.4,41.9,5.8,47.2,49.7
74.6,68.6,68.8,58.6,12.1,50.1,63.5
70.4,86.6,68.5,65.9,9.4,61.6,67.2
44.6,65.9,53.1,43.5,7.0,71.6,49.6
66.9,41.5,48.2,51.6,5.5,69.1,53.8
72.9,98.0,73.1,60.9,4.5,53.0,68.2
57.2,58.3,56.5,37.3,9.9,45.8,51.9
67.9,81.6,68.9,52.0,4.4,57.4,71.3
90.8,46.9,58.7,69.7,14.7,91.6,61.6
86.8,71.4,70.9,67.1,4.6,69.9,68.6
62.0,56.9,62.7,54.9,7.5,70.5,57.4
68.2,28.5,51.1,58.6,5.5,76.9,48.5
78.6,64.0,60.2,65.3,8.3,56.8,62.0
85.5,67.3,76.9,75.3,8.3,88.4,68.6
80.7,64.9,68.5,58.2,10.0,69.2,66.0
81.4,71.4,60.2,54.8,4.1,72.9,55.8
59.7,64.2,56.8,54.3,5.8,43.2,60.3
87.9,69.0,73.3,70.1,12.6,72.2,77.1
98.4,70.4,70.3,73.6,11.0,70.4,71.5
79.5,67.5,66.6,59.5,2.7,54.8,65.4
70.5,65.6,70.6,49.4,9.7,85.3,61.9
42.1,55.5,49.4,35.8,5.1,41.2,43.4
73.7,76.3,66.5,57.9,6.3,81.6,62.7
37.7,64.0,45.9,42.2,7.4,45.8,48.4
73.0,62.9,67.7,75.1,16.5,48.6,63.7
43.5,75.2,48.9,44.4,5.1,58.8,53.2
88.5,71.0,66.1,61.3,4.3,75.1,66.1
46.1,58.2,39.8,45.3,10.0,45.5,45.4
73.3,85.5,71.5,56.9,8.1,54.7,61.9
78.6,51.4,60.2,70.4,14.1,64.6,62.0
39.9,53.6,46.3,41.9,7.0,35.0,38.8
66.7,77.4,66.4,56.7,14.1,75.1,65.8
97.2,92.5,77.9,71.0,8.2,74.3,85.3
46.1,59.9,51.6,51.6,10.4,29.8,44.2
58.2,73.8,58.5,52.6,17.0,58.4,59.8
72.5,51.3,63.2,58.2,7.6,48.6,54.4
65.9,55.0,53.2,59.6,13.1,72.4,53.2
93.5,83.9,72.0,54.7,6.2,68.0,68.1
84.5,73.1,64.3,60.3,9.0,77.9,72.0
77.0,84.3,63.6,53.2,4.3,66.0,70.6
36.9,83.2,55.3,46.1,6.5,45.1,48.8
71.1,38.7,45.2,63.4,5.1,61.1,51.0
83.4,51.3,62.5,71.5,14.1,76.4,61.1
71.6,71.8,68.0,56.9,17.9,68.3,64.1
57.1,44.2,46.3,58.4,7.0,70.1,41.5
71.1,53.2,46.4,61.1,5.8,80.9,61.7
72.1,88.0,73.8,49.5,4.5,77.4,71.1
52.9,60.4,54.0,52.2,9.2,58.5,50.3
84.6,77.9,72.3,64.9,6.2,60.9,69.9
55.6,67.6,52.6,41.5,6.4,76.5,51.7
71.2,58.5,66.6,69.8,17.0,85.5,69.0
55.9,44.7,50.5,49.4,7.1,75.1,47.5
90.4,71.3,76.0,65.4,10.6,66.4,70.6
55.5,88.4,63.7,42.1,8.4,50.1,57.5
49.8,58.9,40.4,34.9,4.4,59.7,46.3
62.6,69.0,57.6,42.4,3.6,47.9,61.4
56.6,46.7,47.7,41.1,10.2,70.5,46.9
90.7,58.6,68.0,77.3,17.6,59.1,68.7
57.9,72.8,56.7,57.3,9.4,70.7,58.6
95.3,78.4,80.1,75.0,10.8,80.7,78.2
67.0,75.8,62.9,57.5,5.4,40.3,58.8
83.3,39.6,55.6,66.3,12.9,81.6,57.5
59.6,61.6,64.6,56.9,12.8,48.4,58.5
89.7,54.5,65.6,62.0,6.0,58.9,56.0
78.6,63.7,67.5,69.3,10.4,59.6,63.1
57.9,66.4,60.4,50.0,3.7,64.6,48.0
93.9,82.9,79.6,69.8,11.3,93.1,76.3
61.9,72.1,58.8,64.8,6.3,44.7,55.2
66.0,87.8,63.0,43.3,4.7,62.3,63.6
79.7,58.2,66.6,68.5,9.8,70.2,61.5
61.2,48.2,52.3,54.8,3.7,59.8,48.6
38.0,88.4,59.4,41.1,9.5,41.4,47.4
95.1,74.1,67.8,67.4,4.9,62.9,72.6
56.0,57.6,55.1,52.6,4.5,50.0,47.2
46.6,74.1,55.2,48.6,8.4,59.9,52.4
81.7,79.7,73.1,60.7,7.6,77.1,72.4
72.6,69.7,62.5,63.3,15.7,70.0,68.0
70.5,57.8,64.2,49.6,4.6,45.9,51.8
76.4,61.8,67.2,73.4,15.2,78.9,69.1
89.1,72.1,68.8,69.3,4.9,77.4,64.8
80.6,70.8,72.6,70.3,12.4,55.2,69.6
40.4,85.0,61.2,39.2,13.4,35.4,52.8
34.8,64.1,47.3,29.8,9.4,39.2,40.1
87.3,54.5,59.0,70.1,5.7,84.8,62.8
99.3,98.0,90.1,74.7,4.1,89.5,81.1
81.7,70.4,65.4,67.2,3.4,71.0,72.0
66.9,79.7,71.4,74.1,18.8,49.6,67.8
75.0,75.3,56.3,59.3,7.1,72.4,58.2
70.8,70.6,59.7,55.5,5.0,84.4,57.7
76.3,64.8,58.1,50.9,4.9,58.6,57.8
80.0,28.7,53.2,67.6,8.8,74.9,54.1
71.7,53.1,55.0,64.5,6.8,76.9,58.3
66.3,72.6,54.9,62.1,3.4,59.3,61.3
86.3,29.9,55.3,66.7,12.0,73.4,50.7
64.0,69.0,57.9,49.2,9.5,72.8,61.7
66.7,77.3,64.0,58.5,18.7,59.8,62.5
83.9,79.7,73.8,64.7,13.6,84.7,74.6
87.9,76.4,62.0,62.8,2.0,73.6,71.7
86.7,81.4,79.3,70.3,15.5,71.5,73.4
80.5,90.5,78.5,77.4,14.1,79.8,75.0
82.4,83.3,70.2,59.6,5.9,85.8,66.2
63.2,70.8,65.5,61.3,6.7,63.0,59.7
49.5,66.1,53.3,59.9,9.8,63.4,59.1
34.7,69.6,47.0,31.5,5.2,30.8,39.4
84.2,64.1,66.4,71.3,7.3,77.2,64.7
75.7,83.6,87.4,67.9,12.8,56.4,77.9
60.6,76.0,64.5,55.6,10.3,56.1,63.4
79.3,62.7,57.1,59.4,6.0,58.8,57.6
54.4,86.5,72.9,54.4,12.9,48.5,64.0
88.9,63.9,71.6,61.6,9.4,94.7,72.0
21.1,54.8,39.5,44.0,9.2,49.1,44.9
62.9,67.8,56.4,54.0,6.5,57.0,62.3
96.5,56.5,60.9,66.5,8.1,99.9,71.4
53.7,81.1,61.7,49.0,5.8,43.3,54.8
96.3,56.2,61.0,59.3,3.4,67.3,68.4
45.6,66.4,47.5,47.2,7.2,55.8,46.7
59.0,81.2,66.6,55.0,7.7,37.7,54.8
63.3,58.0,63.3,60.1,8.7,76.6,59.1
86.2,73.8,72.3,77.9,14.1,70.6,78.3
67.1,54.4,57.2,50.7,6.1,47.7,55.4
43.3,71.4,52.2,39.8,6.9,33.2,48.4
92.6,75.9,77.2,72.8,11.5,89.5,76.8
79.2,67.4,58.4,49.4,5.8,80.6,62.4
78.2,68.5,66.0,69.5,8.8,79.1,66.9
74.8,74.2,60.1,56.1,6.8,91.1,62.5
87.8,64.1,63.7,77.2,7.3,68.2,64.1
27.0,80.5,52.2,33.8,11.5,44.6,49.1
77.7,87.2,69.6,60.5,6.9,79.3,69.2
90.1,55.0,60.7,64.3,11.7,68.4,63.7
66.8,92.7,60.1,37.6,3.4,63.6,64.4
59.3,63.8,48.3,53.6,4.3,49.8,50.5
71.4,95.9,59.3,38.2,2.9,61.2,61.3
43.2,63.9,49.7,47.5,4.8,58.0,49.0
57.1,77.9,54.6,66.9,18.8,68.2,72.5
94.8,77.8,73.4,48.4,8.1,89.3,67.2
75.2,62.6,65.0,68.9,5.9,63.8,66.1
48.8,69.0,55.4,53.5,11.6,59.3,54.1
52.6,88.2,65.2,53.5,12.4,56.9,62.7
83.5,63.5,61.0,53.5,4.7,84.4,57.1
90.0,62.2,75.2,80.4,25.1,74.7,82.5
67.6,51.9,54.2,49.5,9.2,69.4,54.7
75.4,89.9,79.5,62.9,9.8,86.0,76.3
81.9,61.3,71.0,62.5,10.2,81.9,61.1
91.5,84.8,85.2,72.7,10.2,88.9,77.0
74.5,59.6,55.0,54.3,6.2,61.1,58.0
97.1,84.4,88.6,85.3,21.1,83.9,85.5
86.4,79.3,73.3,58.2,7.2,56.7,70.4
45.0,64.8,46.9,36.0,12.6,59.7,56.2
79.5,57.7,57.3,63.5,6.6,83.1,62.3
87.1,58.9,61.6,60.6,6.1,74.6,60.8
76.3,58.7,59.7,66.2,19.2,82.0,62.6
68.9,82.9,61.6,60.5,7.8,55.7,60.9
32.0,70.2,48.0,30.1,8.0,36.9,42.7
66.8,52.4,55.8,61.7,9.3,49.3,53.6
66.0,64.5,68.6,81.7,26.3,68.4,70.5
75.6,66.2,72.1,66.8,21.7,69.2,71.6
68.7,38.1,50.0,56.8,14.6,66.3,53.9
83.2,65.2,80.6,92.1,29.5,73.1,80.1
37.5,78.1,47.8,36.2,5.3,48.6,48.5
96.7,66.1,70.9,80.3,11.0,75.5,81.7
84.8,71.6,70.1,69.2,8.4,62.1,65.7
94.1,74.8,82.6,70.0,3.7,88.0,74.3
65.3,63.2,63.8,53.4,10.1,50.7,52.0
84.5,78.2,76.1,64.6,6.5,67.2,69.0
79.1,88.4,72.1,75.6,16.3,75.7,72.5
67.5,46.7,49.8,42.5,6.8,75.4,47.5
60.4,63.2,60.4,58.4,6.7,85.2,54.0
63.0,98.0,82.0,52.2,16.3,40.3,66.8
73.4,70.4,54.7,50.6,7.9,56.0,58.9
61.9,67.5,64.1,58.8,13.8,84.5,65.1
97.8,64.4,76.1,68.8,9.9,100.0,70.7
81.3,85.8,76.8,67.7,9.9,60.4,65.6
27.0,54.9,33.7,39.7,7.3,36.3,37.5
65.1,81.0,65.4,48.8,10.2,46.4,63.5
72.4,64.1,61.1,49.5,7.7,51.2,60.3
67.6,57.5,55.4,49.4,5.7,75.1,51.2
70.4,64.8,56.8,54.5,7.8,48.8,55.1
46.9,67.4,50.0,45.0,14.6,64.9,49.0
79.9,61.0,64.7,58.4,10.4,59.9,59.7
78.5,83.6,68.9,60.2,11.5,75.7,67.1
58.6,57.6,51.5,58.6,8.2,50.2,50.8
82.1,70.0,63.9,55.3,3.4,82.5,62.5
69.3,75.5,63.0,50.6,4.7,54.7,60.3
85.3,69.8,74.2,71.1,7.2,83.6,67.3
43.3,78.8,50.9,52.8,4.9,56.0,52.3
95.7,61.9,62.1,63.9,6.4,72.9,62.2
50.5,76.7,53.7,39.7,6.3,69.0,47.6
62.1,77.1,52.9,49.3,6.4,58.8,58.7
55.4,81.6,67.2,57.3,15.6,73.3,62.7
57.9,41.6,36.9,49.6,8.0,59.3,38.1
75.0,75.1,70.5,58.4,12.4,91.7,70.6
24.5,80.6,55.2,42.3,8.8,34.4,48.0
87.4,62.2,69.1,64.8,15.4,69.7,69.9
80.2,60.3,56.4,66.9,12.9,95.2,65.7
53.0,58.2,50.3,45.3,6.3,55.0,45.2
51.0,53.6,51.5,66.9,19.7,41.7,57.6
76.1,77.3,61.4,57.2,6.7,70.7,57.4
83.6,98.0,83.6,72.5,8.9,72.7,77.5
64.7,60.2,60.7,56.4,9.7,65.6,56.2
61.0,61.5,62.7,57.1,10.2,69.2,55.7
36.8,68.2,47.3,36.8,11.7,56.5,52.1
89.4,45.6,59.9,63.2,5.8,70.2,60.4
73.6,58.3,70.3,72.8,11.3,66.6,59.8
78.9,67.2,74.1,57.4,10.6,57.7,61.3
52.1,55.5,54.3,48.0,8.2,53.6,57.7
60.2,84.8,62.3,50.0,7.5,54.4,59.1
91.9,49.9,63.3,71.4,5.7,75.0,60.4
88.5,80.6,74.5,69.9,10.1,72.3,77.5
53.1,88.6,65.5,47.5,6.1,62.6,54.5
69.7,73.3,61.8,64.9,9.1,73.5,68.6
64.4,66.1,58.2,45.2,7.8,64.3,53.4
75.8,71.4,65.5,57.9,4.5,59.6,64.0
61.5,61.8,53.7,37.1,5.4,66.1,49.9
46.9,39.5,36.5,43.8,9.8,70.8,36.2
94.0,54.3,66.2,67.7,6.4,78.1,65.9
69.5,67.8,70.2,63.1,6.4,63.0,66.2
90.4,54.8,60.5,60.3,5.8,64.7,52.9
53.0,62.2,52.0,42.8,5.9,48.3,45.5
90.0,74.7,68.8,79.4,17.1,92.4,80.0
76.8,70.0,65.5,60.3,4.9,88.7,65.7
68.0,82.8,72.0,67.7,15.8,67.4,72.0
81.2,72.1,68.0,62.3,7.0,79.2,70.0
62.6,72.9,63.6,53.9,6.1,59.5,60.9
91.6,58.0,63.1,56.2,9.7,100.0,65.9
81.2,49.4,63.3,59.2,8.4,71.4,63.6
63.6,62.2,51.6,48.8,7.5,65.7,52.6
72.3,57.8,67.3,68.6,9.0,66.2,62.2
75.5,65.7,65.9,69.5,8.3,51.0,66.2
70.6,53.1,55.0,55.4,7.4,62.4,52.2
94.6,79.8,72.2,76.1,12.4,85.4,81.3
90.8,57.8,57.9,57.3,4.3,96.6,63.2
93.9,62.9,70.8,72.8,5.4,79.6,65.0
79.1,67.7,61.2,60.9,5.7,51.4,60.6
71.5,83.7,73.8,65.6,5.1,65.8,63.2
43.6,92.6,62.3,43.9,8.5,46.6,58.5
